Title,Link
对宁夏回族自治区认定机构2024年认定报备的第二批高新技术企业进行备案的公...,/gqrdw/c101441/202411/91d999ab62ee4da8a68e67a7bf1b6d5e.shtml
对河南省认定机构2024年认定报备的第二批高新技术企业进行备案的公示,/gqrdw/c101426/202411/78c9aef6632d4164935dd1bcd4ea97d1.shtml
对青岛市认定机构2024年认定报备的第一批高新技术企业进行备案的公示,/gqrdw/c101425/202411/86b35957ccf44105b11390a1590a76d6.shtml
对湖南省认定机构2024年认定报备的第一批高新技术企业进行备案的公告,/gqrdw/c101464/202411/4dd2ac3fdabc46df80304f6b76efa89b.shtml
对广东省认定机构2024年认定报备的第一批高新技术企业进行备案的公示,/gqrdw/c101429/202411/106cc54f65d0471b9700db49608da237.shtml
对江苏省认定机构2024年认定报备的第二批高新技术企业进行备案的公示,/gqrdw/c101417/202411/bdd73d3865fa43e9b76cff227a3053c8.shtml
对江西省认定机构2024年认定报备的第二批高新技术企业进行备案的公示,/gqrdw/c101423/202411/36aefb42145b4c69ac1e7d7b30b62f99.shtml
对青海省认定机构2024年认定报备的高新技术企业进行备案的公示,/gqrdw/c101440/202411/173be8518c2a475a96d85624c704d0fb.shtml
对青海省认定机构2024年认定报备的高新技术企业进行备案的公示,/gqrdw/c101440/202411/20f13e5efda74278b73d7f1fb46d57ad.shtml
河北省认定机构：关于公布2024年第二批更名（含重大变化）高新技术企业名单...,/gqrdw/c101488/202411/15181a4459e649779915cd9bf26e1d63.shtml
对云南省认定机构2024年认定报备的第一批高新技术企业进行备案的公告,/gqrdw/c101472/202411/6beea6ef4936400baa02a48ded4c9ddb.shtml
对云南省认定机构2024年认定报备的第一批高新技术企业进行备案的公告,/gqrdw/c101472/202411/d1bd22946a1a430182ff1527a6c22ab0.shtml
对山西省认定机构2024年认定报备的第二批高新技术企业进行备案的公告,/gqrdw/c101446/202411/404744a178a240ee8faa9dc7aa041903.shtml
对山西省认定机构2024年认定报备的第一批高新技术企业进行备案的公告,/gqrdw/c101446/202411/087361fd28e24325b38e27b48916920e.shtml
对黑龙江省认定机构2024年认定报备的第二批高新技术企业进行备案的公告,/gqrdw/c101451/202411/5ea8f8f93a0b473cbff9ade45c8480d0.shtml
对黑龙江省认定机构2024年认定报备的第一批高新技术企业进行备案的公告,/gqrdw/c101451/202411/5747bdf06d1147c99d1bd85dee375c6b.shtml
对西藏自治区认定机构2024年认定报备的第一批高新技术企业进行备案的公告,/gqrdw/c101473/202411/beb5c5583ecb4fe190ba204a76f02d52.shtml
对重庆市认定机构2024年认定报备的第二批高新技术企业进行备案的公告,/gqrdw/c101469/202411/62be0b36b6ea4b83b2ee18c24e29de05.shtml
对甘肃省认定机构2024年认定报备的第二批高新技术企业进行备案的公告,/gqrdw/c101475/202411/ec115153b9ad43d0bf84f9bdfefab4b6.shtml
对甘肃省认定机构2024年认定报备的第一批高新技术企业进行备案的公告,/gqrdw/c101475/202411/d6c289d453c74feda244d0b9f9101bd3.shtml
对新疆维吾尔自治区认定机构2024年认定报备的第一批高新技术企业进行备案的...,/gqrdw/c101478/202411/617596cabd574d5dabd03b94c72f515c.shtml
对重庆市认定机构2024年认定报备的第一批高新技术企业进行备案的公告,/gqrdw/c101469/202411/c2900642e910469c9567720899156b0c.shtml
对河南省认定机构2024年认定报备的第一批高新技术企业进行备案的公告,/gqrdw/c101462/202411/9350964997554a188dc5c2fd0ef23a34.shtml
对新疆维吾尔自治区认定机构2024年认定报备的第二批高新技术企业进行备案的...,/gqrdw/c101478/202411/007a1611857a4442bb03376235ce179d.shtml
对河北省认定机构2024年认定报备的第一批高新技术企业进行备案的公示,/gqrdw/c101409/202411/9cf5c1733d3141588f75bcb1183a6cdc.shtml
对厦门市认定机构2024年认定报备的第一批高新技术企业进行备案的公示,/gqrdw/c101422/202411/5c672a1c1eba4b76930b1ffc8670b9be.shtml
山西省认定机构：山西省科学技术厅 山西省财政厅 国家税务总局山西省税务局...,/gqrdw/c101525/202411/da67803ccf134dcaae4b9ae7af5008a2.shtml
河北省认定机构：河北省高新技术企业认定管理工作领导小组关于取消河北中领...,/gqrdw/c101524/202411/b77bd8927eb34e2ba94c25e87c7d0c1e.shtml
湖南省认定机构：关于取消湖南省湘棋送变电建设有限公司等78家企业高新技术...,/gqrdw/c101543/202411/f47f94d87a4d4bd4bf2d8551086950b7.shtml
对江苏省认定机构2024年认定报备的第一批高新技术企业进行备案的公示,/gqrdw/c101417/202411/f81bdda2bf4845f58324545dc8ecd744.shtml
贵州省认定机构：关于贵州省取消57家企业高新技术企业资格的公告,/gqrdw/c101550/202411/e8ca9a7a63a344feb8fdfe895805ce59.shtml
对四川省认定机构2024年认定报备的第二批高新技术企业进行备案的公示,/gqrdw/c101434/202411/79e6cc1a9e2f4bd6a541b1222e4aef34.shtml
对湖南省认定机构2024年认定报备的第一批高新技术企业进行备案的公示,/gqrdw/c101428/202411/bb0fe81bf9874f22b198878c534b2405.shtml
对吉林省认定机构2024年认定报备的第一批高新技术企业进行备案的公示,/gqrdw/c101414/202411/fcb2806f5cff4df1ad8dcf56be85baa6.shtml
对云南省认定机构2024年认定报备的第一批高新技术企业进行备案的公示,/gqrdw/c101436/202411/b1cc6bf94d814f80a91df69fe352339d.shtml
对山西省认定机构2024年认定报备的第二批高新技术企业进行备案的公示,/gqrdw/c101410/202411/e5e97e82e13d44bd9b0a29afdf168994.shtml
对山西省认定机构2024年认定报备的第一批高新技术企业进行备案的公示,/gqrdw/c101410/202411/d361ecbd5360442d81df0d6107516008.shtml
重庆市认定机构：重庆市高新技术企业认定管理机构办公室关于重庆市2024年第...,/gqrdw/c101584/202410/0d28dd54cb64463b98b9384445968e18.shtml
对天津市认定机构2024年认定报备的第一批高新技术企业进行备案的公示,/gqrdw/c101408/202410/0709caa5248343029ded692aad20df74.shtml
对北京市认定机构2024年认定报备的第二批高新技术企业进行备案的公示,/gqrdw/c101407/202410/279bf91ec60f41a18855d9e0b8399baa.shtml
对北京市认定机构2024年认定报备的第一批高新技术企业进行备案的公示,/gqrdw/c101407/202410/e1b03a0bed874326a08315c9dd6422d5.shtml
山西省认定机构：山西省科学技术厅 山西省财政厅 国家税务总局山西省税务局...,/gqrdw/c101489/202410/637c86f3a79e4f4b9f5387d8969ebbdb.shtml
对西藏自治区认定机构2024年认定报备的第一批高新技术企业进行备案的公示,/gqrdw/c101437/202410/0d7290b03123418f96a6beccf002ddea.shtml
对安徽省认定机构2024年认定报备的第一批 高新技术企业进行备案的公示,/gqrdw/c101420/202410/ea8b32ea7541420ab71e12c3cbbe4ac4.shtml
对宁夏回族自治区认定机构2024年认定报备的第一批高新技术企业进行备案的公...,/gqrdw/c101441/202410/7fbabf5732424b2a96ad7e54f39daccc.shtml
对北京市认定机构2024年认定报备的第一批集成电路等领域政策试点高新技术企...,/gqrdw/c101407/202410/6fda6f20e63848bfba753329e93c3533.shtml
对海南省认定机构2024年认定报备的第一批高新技术企业进行备案的公示,/gqrdw/c101432/202410/688a2ea887f34dbdaf1c7cd162c028a8.shtml
对北京市认定机构2024年认定报备的第二批集成电路等领域政策试点高新技术企...,/gqrdw/c101407/202410/18814388f13d48939b04768c83cee80e.shtml
对江西省认定机构2024年认定报备的第一批高新技术企业进行备案的公示,/gqrdw/c101423/202410/823bed16d2204740abb7e046d04b6c1f.shtml
对新疆维吾尔自治区认定机构2024年认定报备的第二批高新技术企业进行备案的...,/gqrdw/c101442/202410/4049c26782ea40d0baba28a03a8278e7.shtml
对新疆维吾尔自治区认定机构2024年认定报备的第一批高新技术企业进行备案的...,/gqrdw/c101442/202410/0cba71ef93604dcaab1c74e028451324.shtml
对重庆市认定机构2024年认定报备的第一批高新技术企业进行备案的公示,/gqrdw/c101433/202410/8d78c38268644e3bbb1e630fe57670df.shtml
对黑龙江省认定机构2024年认定报备的第一批高新技术企业进行备案的公示,/gqrdw/c101415/202410/aa647d36eff54bca9d8e143d8f98fe96.shtml
对河南省认定机构2024年认定报备的第一批高新技术企业进行备案的公示,/gqrdw/c101426/202410/85ca3c4396364a1d9aaaf19bb412c82c.shtml
对甘肃省认定机构2024年认定报备的第二批高新技术企业进行备案的公示,/gqrdw/c101439/202410/45a9a9311fd247b0b985c5c82bf86807.shtml
对甘肃省认定机构2024年认定报备的第一批高新技术企业进行备案的公示,/gqrdw/c101439/202410/f6a57b8ce20045928f39172855e8a9e4.shtml
上海市认定机构：关于2024年上海市第三批取消高新技术企业资格的公告,/gqrdw/c101531/202410/890b351131ab4e84a4750c3512c08664.shtml
对四川省认定机构2024年认定报备的第一批高新技术企业进行备案的公示,/gqrdw/c101434/202410/359a083625d2446fb69e2d8b65b19fc9.shtml
对重庆市认定机构2024年认定报备的第二批高新技术企业进行备案的公示,/gqrdw/c101433/202410/74967bed5be644138dcbe0c40f33b3ca.shtml
对黑龙江省认定机构2024年认定报备的第二批高新技术企业进行备案的公示,/gqrdw/c101415/202410/26ebb07982f44b858f064c1e3663d982.shtml
江苏省认定机构：关于江苏省2024年第七批高新技术企业更名的公告,/gqrdw/c101496/202410/03f531e655f142c1871f5d64c868631f.shtml
江苏省认定机构：关于江苏省2024年第七批高新技术企业更名的公告,/gqrdw/c101496/202410/24eb5ed15b674172a1dfb6e54dede32e.shtml
河北省认定机构：河北省高新技术企业认定管理工作领导小组关于公布河北省20...,/gqrdw/c101488/202410/2eee33849ff24a3993511b5c57c1e4cf.shtml
深圳市认定机构：深圳市工业和信息化局 深圳市财政局 国家税务总局深圳市税...,/gqrdw/c101581/202410/2f6b45d6138640ea9631099f89b0c7ee.shtml
厦门市认定机构：厦门市高新技术企业认定管理机构关于取消厦门百恒自动化科...,/gqrdw/c101537/202410/e389aca3aaf54b74b27fce3af37698ef.shtml
厦门市认定机构：关于取消厦门杰税税务师事务所有限公司等5家中介机构参与高...,/gqrdw/c101609/202410/cb5aca5df91a4d2791fbc3b1e785936a.shtml
厦门市认定机构：关于厦门市2024年第四批高新技术企业更名的公告,/gqrdw/c101501/202410/5436e65df70545b295c4dddb9d520247.shtml
厦门市认定机构：关于厦门市2024年第一批完成异地搬迁高新技术企业的公告,/gqrdw/c101573/202410/c766601ed8be459eb6ec2a426316c4b1.shtml
厦门市认定机构：关于厦门市2024年第五批高新技术企业更名的公告,/gqrdw/c101501/202410/0498671d51e14cceb5276b97c3685fd0.shtml
四川省认定机构：关于取消一石数字技术成都有限公司等3家企业有关年度高新技...,/gqrdw/c101549/202410/c817294ce6f94c1f8f3038dcdcd7369b.shtml
四川省认定机构：关于四川省2024年第二批高新技术企业更名的公告,/gqrdw/c101513/202410/3f1dafecc4e646bc99ac5c7b7054e5c4.shtml
贵州省认定机构：关于贵州省2024年第四批高新技术企业更名的公告,/gqrdw/c101514/202410/bfe8443d75ad45dc93db55205293b8e4.shtml
山东省认定机构：关于公布山东省2024年第二批高新技术企业更名名单的通知,/gqrdw/c101503/202410/941587a596664c589dc7396dd7cc0fde.shtml
湖南省认定机构：关于湖南省2024年第三批高新技术企业更名（含重大变化）的...,/gqrdw/c101507/202410/59c339f1ec7b4e7fba03847bebd08fc5.shtml
青岛市认定机构：关于青岛市2024年第四批更名高新技术企业的公告,/gqrdw/c101504/202410/4d152f4eed2b498e9389a0f721b47f96.shtml
内蒙古自治区认定机构：内蒙古自治区科学技术厅 财政厅 国家税务总局内蒙古...,/gqrdw/c101526/202410/c3f8507827534e9c9eaeae0ae60ea3ec.shtml
北京市认定机构：关于取消北京网矿科技有限公司等3家高新技术企业资格的公告,/gqrdw/c101522/202410/1aa66d38a49d46b59f4460c0048726a1.shtml
安徽省认定机构：关于取消安庆锯汇智能科技有限公司等73家企业高新技术企业...,/gqrdw/c101535/202410/61372589d7be4940beed39fa24cd2c46.shtml
江苏省认定机构：关于取消南京工大釜鼎能源技术有限公司高新技术企业资格的...,/gqrdw/c101532/202410/f670de8358ba422a9f6a7b9756fd3293.shtml
天津市认定机构：天津市关于取消天津星微软件开发有限公司高新技术企业资格...,/gqrdw/c101523/202410/9560e6a48ef54130b6e061ecdbfd5a7d.shtml
天津市认定机构：天津市关于取消天津星微软件开发有限公司高新技术企业资格...,/gqrdw/c101523/202410/9a705e6623e441a4b0f18fedc311d02d.shtml
天津市认定机构：天津市关于2024年第三批完成异地搬迁高新技术企业的公告,/gqrdw/c101559/202410/6933bbb1ddb04b23b526e02b2a1d7be7.shtml
天津市认定机构：天津市科学技术局 天津市财政局 国家税务总局天津市税务局...,/gqrdw/c101487/202410/0695b57f2b8b45779b92c9387317e03e.shtml
黑龙江省认定机构：关于取消黑龙江博纵智能科技有限公司高新技术企业资格的...,/gqrdw/c101530/202410/98ee00327e974984b6d3a5d8e768b5fd.shtml
北京市认定机构：关于北京市2024年第四批高新技术企业更名的通知,/gqrdw/c101486/202410/dcbf1625f26e4405b10595b8c0b8eccc.shtml
安徽省认定机构：关于公布安徽省2024年第二批更名高新技术企业名单的通知,/gqrdw/c101499/202410/a5c132ada22c429d93a6a8d32a068821.shtml
安徽省认定机构：关于公布安徽省2024年第一批更名高新技术企业名单的通知,/gqrdw/c101499/202410/02ff2748541b4cf5ade7ddbf1c98ff71.shtml
江苏省认定机构：关于江苏省2024年第六批高新技术企业更名的公告,/gqrdw/c101496/202410/b49adb5686eb45e685bbeb0b6c7d6464.shtml
北京市认定机构：北京市关于2024年第四批完成异地搬迁高新技术企业的公告,/gqrdw/c101558/202410/a9f32c03331e4093a76d71822c1f48e5.shtml
广东省认定机构：关于广东省2024年第七批完成异地搬迁高新技术企业的公告,/gqrdw/c101580/202410/7226605bc7524b52abff475b4b49979f.shtml
广东省认定机构：关于广东省2024年第七批高新技术企业更名的公告,/gqrdw/c101508/202410/1354726b500b467aaf4d086cd09a444d.shtml
广东省认定机构：关于广东省2024年第七批高新技术企业更名的公告,/gqrdw/c101508/202410/dbc45eef0c4c4119a5b17058ebd5ed6b.shtml
四川省认定机构：关于联通智网睿行科技（成都）有限公司等2家高新技术企业资...,/gqrdw/c101585/202409/aa9104d2a9c94c709ea1a66a0500e380.shtml
江苏省认定机构：关于辽联（江苏）信息技术股份有限公司等高新技术企业资格...,/gqrdw/c101568/202409/51eb53505b854680b7ff2c34766e9202.shtml
安徽省认定机构：关于安徽省2024年第三批完成异地整体搬迁高新技术企业的公...,/gqrdw/c101571/202409/c2f64558d9c142f49d32e05caab26aab.shtml
河北省认定机构：关于北京天瑞星光热技术有限公司等18家高新技术企业资格继...,/gqrdw/c101560/202409/a801a582ab6f421a81354cc628426bd4.shtml
山西省认定机构：山西省科学技术厅 山西省财政厅 国家税务总局山西省税务局...,/gqrdw/c101489/202409/a149c388f79442fb9011f233bb60db91.shtml
甘肃省认定机构：关于甘肃省2024年度第五批更名高新技术企业名单的公告,/gqrdw/c101518/202409/3c2a90f286324d06ab35b89525049851.shtml
江西省认定机构：关于江西省2024年第四批高新技术企业更名的公告,/gqrdw/c101502/202409/cda55d388ba0492fad5af57fe5b65583.shtml
贵州省认定机构：关于贵州省2024年第三批高新技术企业更名的公告,/gqrdw/c101514/202409/6a6beb1e4ea945048a73b1303a7c378f.shtml
湖北省认定机构：关于2024年第一批高新技术企业更名的公告,/gqrdw/c101506/202409/df20fa0f875c413cb6d000cac14c9002.shtml
青岛市认定机构：关于取消青岛铁科电气有限公司等32家企业高新技术企业资格...,/gqrdw/c101540/202409/1ddf35d29bc14c71a787c54e9df36d51.shtml
山东省认定机构：山东省科学技术厅 山东省财政厅 国家税务总局山东省税务局...,/gqrdw/c101575/202409/5e74716cf5ed4f4d954ad362e603daa0.shtml
湖南省认定机构：关于湖南省2024年第二批完成异地搬迁高新技术企业的公告,/gqrdw/c101579/202409/11f6505d2ec84240b92963b5389352ea.shtml
重庆市认定机构：重庆市高新技术企业认定管理机构办公室关于重庆市2024年第...,/gqrdw/c101584/202409/0fc6eb898da542f6b0f8ce9cb1ab8291.shtml
天津市认定机构：天津市科学技术局 天津市财政局 国家税务总局天津市税务局...,/gqrdw/c101487/202409/22845e4cf2e74bbb9268ea8f9de3b650.shtml
大连市认定机构：关于大连市2024年第三批高新技术企业更名的公告,/gqrdw/c101492/202409/d523aa000fce466389fb9098a58ae1f3.shtml
四川省认定机构：关于四川省取消成都柏睿教育咨询有限公司等33家企业有关年...,/gqrdw/c101549/202409/bcb1fe30b1944a549fb569c9bfb7e072.shtml
四川省认定机构：关于四川省2024年第一批高新技术企业更名的公告,/gqrdw/c101513/202409/eed8469cb2df4003b95227b16b91aa33.shtml
青岛市认定机构：关于丰千数化科技有限责任公司等2家企业高新技术企业资格继...,/gqrdw/c101576/202409/3e06ea7c8b5147519de902653e222ac9.shtml
青岛市认定机构：关于丰千数化科技有限责任公司等2家企业高新技术企业资格继...,/gqrdw/c101576/202409/8d31790dc05649a997edcf752c84b402.shtml
北京市认定机构：关于取消北京科瑞多环保科技有限公司等高新技术企业资格的...,/gqrdw/c101522/202408/c793679b0b3b47299627eec301f4a79a.shtml
北京市认定机构：北京市关于2024年第三批完成异地搬迁高新技术企业的公告,/gqrdw/c101558/202408/28f0576589754beabbfb36edb31a358e.shtml
北京市认定机构：关于北京市2024年第三批高新技术企业更名的通知,/gqrdw/c101486/202408/4a5668e20f3b425aabe1d8c832541382.shtml
江苏省认定机构：关于取消中科信保江苏网络系统工程有限公司等高新技术企业...,/gqrdw/c101532/202408/4f125f5efb644a46b26ff92b86a41cf8.shtml
江苏省认定机构：关于南京谦视智能科技有限公司等高新技术企业资格继续有效...,/gqrdw/c101568/202408/960dfed5a78e453e8b7dfbd2e71f89e8.shtml
江苏省认定机构：关于取消南通豪鑫运动用品有限公司等高新技术企业资格的公...,/gqrdw/c101532/202408/fdc27dfc247f414b88c795baaa28c860.shtml
重庆市认定机构：关于重庆市2024年第二批更名高新技术企业名单的公告,/gqrdw/c101512/202408/9bfc476f00094677b597a5aad4d628c2.shtml
海南省认定机构：关于同意海南昂雷科技有限公司等10家高新技术企业更名的通...,/gqrdw/c101511/202408/d438ed7bb8bc43f4aea6beee528e5406.shtml
广东省认定机构：关于广东省2024年第六批完成异地搬迁高新技术企业的公告,/gqrdw/c101508/202408/8428c1bc58a8405f80180243d92e7fdf.shtml
广东省认定机构：关于广东省2024年第六批完成异地搬迁高新技术企业的公告,/gqrdw/c101508/202408/e89c0463cf17433bbff8ef79f280470a.shtml
江西省认定机构：关于取消江西海福特卫生用品有限公司等企业高新技术企业资...,/gqrdw/c101538/202408/b286162e858d47fda19ad947c75dbf2c.shtml
广西壮族自治区认定机构：广西高新技术企业认定工作领导小组办公室关于取消...,/gqrdw/c101546/202408/727e54f4e79f463ab65fbceaff5e9313.shtml
甘肃省认定机构：甘肃省科技厅 甘肃省财政厅 国家税务总局甘肃省税务局关于...,/gqrdw/c101554/202408/53c8fd3866724cf98900456fc4d034d5.shtml
安徽省认定机构：关于取消安徽省楚汉食品有限公司等57家企业高新技术企业资...,/gqrdw/c101535/202408/c9f84914c493476d836156eb5180d5dc.shtml
河南省认定机构：关于公布河南省2024年第二批更名高新技术企业名单的通知,/gqrdw/c101505/202408/0c1940e63c5d421799b433d46981250c.shtml
河南省认定机构：关于公布河南省2024年第一批更名高新技术企业名单的通知,/gqrdw/c101505/202408/46acdbdae4b94305ac114bc130e3ecc8.shtml
浙江省认定机构：浙江省经济和信息化厅 浙江省财政厅 国家税务总局浙江省税...,/gqrdw/c101497/202408/50d0d0dfe4254372a0c98b282cf0fa7d.shtml
上海市认定机构：关于2024年上海市第二批取消高新技术企业资格的公告,/gqrdw/c101531/202408/7b34ba1143894fdb90ab992203954426.shtml
上海市认定机构：关于公布上海市2024年第一批高新技术企业更名名单的通知,/gqrdw/c101495/202408/d77d8bf1b5914bbfbfb4294626f378f3.shtml
上海市认定机构：关于公布上海市2024年第二批高新技术企业更名名单的通知,/gqrdw/c101495/202408/375b26cfd5b44fe3b88dce972a034bb8.shtml
厦门市认定机构：厦门市高新技术企业认定管理机构关于厦门市2024年第三批高...,/gqrdw/c101501/202408/db7b23515a6a4bde85c37560c9c80eda.shtml
甘肃省认定机构：关于甘肃省2024年度第四批更名高新技术企业名单的公告,/gqrdw/c101518/202408/3642de3f61b844e3938cd9734f68d151.shtml
甘肃省认定机构：关于甘肃省2024年度第三批更名高新技术企业名单的公告,/gqrdw/c101518/202408/4a71cf04c9eb48f3b5c2f42ddc436d9b.shtml
宁波市认定机构：关于宁波市2024年第二批异地整体搬迁高新技术企业资格继续...,/gqrdw/c101570/202408/fb9eb7a2e333434c90ccecfe3b1bab31.shtml
宁波市认定机构：关于公布宁波市2024年第二批更名高新技术企业名单的通知,/gqrdw/c101498/202408/aa5de33a444243bd90b162eb753d202e.shtml
青岛市认定机构：关于青岛市2024年第三批更名高新技术企业的公告,/gqrdw/c101504/202408/90511be86b4546fea2c9e4ce80865228.shtml
上海市认定机构：关于2024年上海市第一批取消高新技术企业资格的公告,/gqrdw/c101531/202408/d4299c19863241a58ebc64f717531693.shtml
海南省认定机构：关于海南四季花香农业科技发展有限公司等26家高新技术企业...,/gqrdw/c101583/202408/81edc97fc8604718aedcc5e3535728eb.shtml
黑龙江省认定机构：关于黑龙江省2024年第三批高新技术企业更名的公告,/gqrdw/c101494/202408/e75ee46006fe4d84ba60e5eb027dbea2.shtml
河南省认定机构：河南省关于2024年第一批完成异地搬迁高新技术企业的公告,/gqrdw/c101577/202408/3e0b4a77792346588996fb423ba9c051.shtml
浙江省认定机构：浙江省经济和信息化厅 浙江省财政厅 国家税务总局浙江省税...,/gqrdw/c101569/202408/1ec58c69769f47c89045e599efb99061.shtml
广东省认定机构：关于广东省2024年第六批完成异地搬迁高新技术企业的公告,/gqrdw/c101580/202408/5f76ba5ab774434090bca10ae90128bc.shtml
广东省认定机构：关于广东省2024年第六批完成异地搬迁高新技术企业的公告,/gqrdw/c101580/202408/c089d9bb5d3644969e02da3fc60b5b67.shtml
贵州省认定机构：关于贵州省2024年高新技术企业第二批更名的公告,/gqrdw/c101514/202408/91784302979c43a0b6ff830b1c135061.shtml
福建省认定机构：福建省科学技术厅 福建省财政厅 国家税务总局福建省税务局...,/gqrdw/c101536/202408/177f64feab464423862441e655ec8630.shtml
福建省认定机构：福建省科学技术厅 福建省财政厅 国家税务总局福建省税务局...,/gqrdw/c101500/202408/bcf64578311b4f368b75d9e34d1d0caf.shtml
青海省认定机构：关于青海省取消青海弘大农副产品购销有限公司等4家高新技术...,/gqrdw/c101555/202408/90d1840d2a234f4ca16d6ea66455edbd.shtml
天津市认定机构：关于天津市2024年第一批取消高新技术企业资格的公告,/gqrdw/c101523/202408/2a6e6ab1ffd2436aa52e374e2ca96c24.shtml
天津市认定机构：天津市科学技术局 天津市财政局 国家税务总局天津市税务局...,/gqrdw/c101487/202408/ac87cc8fabc044218a377683034ebc56.shtml
吉林省认定机构：关于吉林省2024年第二批高新技术企业更名的公告,/gqrdw/c101493/202408/39d1751529cf4e83ad8aa34d69ff8d9e.shtml
广东省认定机构：关于广东省2024年第五批完成异地搬迁高新技术企业的公告,/gqrdw/c101580/202408/bf17acb13ce949e7b9cec2f42346aa62.shtml
广东省认定机构：关于广东省2024年第五批高新技术企业更名的公告,/gqrdw/c101508/202408/7ecdfe9f91f24c1d83d23a7da5b24bdc.shtml
安徽省认定机构：关于安徽省2024年第二批完成异地搬迁高新技术企业的公告,/gqrdw/c101571/202408/12ceb7bd817d4620bdd6af5474f66bc9.shtml
上海市认定机构：关于上海市2024年第二批异地搬迁高新技术企业名单的公告,/gqrdw/c101567/202408/1053192530b34944b9bcc22354c782a9.shtml
天津市认定机构：天津市关于2024年第二批完成异地搬迁高新技术企业的公告,/gqrdw/c101559/202408/36c27968bba14a3ea72a3fd0bd56579d.shtml
湖北省认定机构：关于取消武汉福迪康医疗器械有限公司等95家高新技术企业资...,/gqrdw/c101542/202407/ef88dbd580ed42958736bdd708c8b338.shtml
湖北省认定机构：关于2024年第一批完成异地搬迁高新技术企业的公告,/gqrdw/c101578/202407/4cfc5c99ce70464da4a7aea0896c8369.shtml
上海市认定机构：关于公布上海市2023年第四批高新技术企业更名名单的通知,/gqrdw/c101495/202407/e87befb0ff5c4bf2808afc4b14dba9d9.shtml
大连市认定机构：关于大连市2024年第二批高新技术企业更名的公告,/gqrdw/c101492/202407/380c417be7284a4dad332d426e17d22c.shtml
甘肃省认定机构：甘肃省科技厅 甘肃省财政厅 国家税务总局甘肃省税务局关于...,/gqrdw/c101554/202407/90323aef9b4b4db8ad63c6c2163f2124.shtml
江苏省认定机构：关于同意江苏省2024年第五批高新技术企业更名的公告,/gqrdw/c101496/202407/60efc7b5973840b2995d0afaa14deabb.shtml
浙江省认定机构：浙江省经济和信息化厅 浙江省财政厅 国家税务总局浙江省税...,/gqrdw/c101569/202407/de033d4afcf145d1907524d0fddcf324.shtml
浙江省认定机构：浙江省经济和信息化厅 浙江省财政厅 国家税务总局浙江省税...,/gqrdw/c101497/202407/3ca186379d334d8ea803994b35fff90f.shtml
广东省认定机构：关于广东省2024年第四批完成异地搬迁高新技术企业的公告,/gqrdw/c101580/202407/fd1bc238b85b43f291782cb7d89fffec.shtml
广东省认定机构：关于广东省2024年第四批高新技术企业更名的公告,/gqrdw/c101508/202407/210b7e2ae40548a0acbc86d91a2c000f.shtml
江西省认定机构：关于江西省2024年第三批高新技术企业更名的公告,/gqrdw/c101502/202407/2532ae87bd634a2bb2cd25a89ae17d91.shtml
厦门市认定机构：厦门市高新技术企业认定管理机构关于厦门市2024年第二批高...,/gqrdw/c101501/202407/02a8f2032f57433595bd5a257497b9ee.shtml
贵州省认定机构：贵州省关于取消8户高新技术企业资格的公告,/gqrdw/c101550/202407/7607090abee94f50ab1165c8db39b815.shtml
浙江省认定机构：关于浙江省2023年第二批拟更名高新技术企业名单的公示,/gqrdw/c101497/202407/0a29a11ed8764a83afbd7620bf34eb11.shtml
浙江省认定机构：关于浙江省2023年第二批拟更名高新技术企业名单的公示,/gqrdw/c101497/202407/95a5870c94d34ef8a5064ae2cf2229e6.shtml
江苏省认定机构：关于同意江苏省2024年第四批高新技术企业更名的公告,/gqrdw/c101496/202407/3788afdc90bf4739a5c0cee9e1879066.shtml
江苏省认定机构：关于深蓝探索动力科技无锡有限公司等高新技术企业资格继续...,/gqrdw/c101568/202407/84ac911cb1994feb89343e106e513c02.shtml
重庆市认定机构：重庆市高新技术企业认定管理机构关于取消恒鼎环境检测有限...,/gqrdw/c101548/202407/e43aa57a04be45c2b67b06f5294de880.shtml
浙江省认定机构：关于浙江省2023年第一批拟更名高新技术企业名单的公示,/gqrdw/c101497/202407/40f20bbeb84c4fb18431e4f61f4c3f2a.shtml
大连市认定机构：关于取消汇创科技服务（大连）有限公司高新技术企业资格的...,/gqrdw/c101528/202407/ecf1f6174ace4edab0af292909a2948b.shtml
北京市认定机构：关于北京市2024年第二批高新技术企业更名的通知,/gqrdw/c101486/202407/92216248e9774f17bb86e7184566340e.shtml
天津市认定机构：天津市关于2024年第一批完成异地搬迁高新技术企业的公告,/gqrdw/c101559/202407/5dfa5adb98cd4b0185c5e04541fea352.shtml
福建省认定机构：福建省科学技术厅 福建省财政厅 国家税务总局福建省税务局...,/gqrdw/c101536/202407/001c773406b04c2d993afc458780dfa1.shtml
湖南省认定机构：关于湖南省2024年第二批高新技术企业更名（含重大变化）的...,/gqrdw/c101507/202407/ed7c1ace83a74564947216932abff54e.shtml
河南省认定机构：关于取消郑州康诺生物科技有限公司等企业高新技术企业资格...,/gqrdw/c101541/202407/df749a48709140f39537624b99fb8237.shtml
广东省认定机构：广东省科学技术厅 广东省财政厅 国家税务总局广东省税务局...,/gqrdw/c101544/202407/9dacd0bf8fab4a4989a174e344f29327.shtml
黑龙江省认定机构：关于取消哈尔滨天立宝节能科技发展有限公司等8家企业高新...,/gqrdw/c101530/202406/aac931edd8b14afca0cbd8d589f17648.shtml
广东省认定机构：关于广东省2024年第二批完成异地搬迁高新技术企业的公告,/gqrdw/c101580/202406/75663ff8896a4f6a866f8e2376bd302e.shtml
广西壮族自治区认定机构：广西高新技术企业认定工作领导小组办公室关于广西...,/gqrdw/c101582/202406/27d071accd714323a2dd95dad5104d05.shtml
海南省认定机构：关于海南龙凤瀑生物科技有限公司等11家高新技术企业资格继...,/gqrdw/c101583/202406/dd33969f73f14cc99912753f7a12b781.shtml
内蒙古自治区认定机构：内蒙古自治区科学技术厅关于2024年第一批高新技术企...,/gqrdw/c101490/202406/daabdbfb9abc46709c0e781a63ab3b54.shtml
黑龙江省认定机构：关于黑龙江省2024年第二批高新技术企业更名的公告,/gqrdw/c101494/202406/4c480a01a7804789a469b050cf0dc27e.shtml
广西壮族自治区认定机构：广西高新技术企业认定工作领导小组办公室关于广西...,/gqrdw/c101510/202406/d241bd33dc98473488cd33dd83496ead.shtml
黑龙江省认定机构：关于取消哈尔滨电表仪器厂（集团）有限公司等30家企业高...,/gqrdw/c101530/202406/3a73285d2005485c879c93384bbfb949.shtml
黑龙江省认定机构：关于取消哈尔滨电表仪器厂（集团）有限公司等30家企业高...,/gqrdw/c101530/202406/b0e884f2b9604180bb60ba2217c8a330.shtml
青岛市认定机构：关于青岛市2024年第二批更名高新技术企业的公告,/gqrdw/c101504/202406/37657d068fe2475f907abb793784089c.shtml
福建省认定机构：福建省科学技术厅 福建省财政厅 国家税务总局福建省税务局...,/gqrdw/c101500/202406/5457a29e877c4147af7e5fd420b3ed88.shtml
内蒙古自治区认定机构：内蒙古自治区科学技术厅关于公布2024年第二批更名高...,/gqrdw/c101490/202406/88523faa0d4d4987973e51442ad05e9b.shtml
宁波市认定机构：关于公布宁波市2024年第一批更名高新技术企业名单的通知,/gqrdw/c101498/202406/122772370fef4fa0beafc90a4b94e535.shtml
甘肃省认定机构：关于甘肃省2024年度第二批更名高新技术企业名单的公告,/gqrdw/c101518/202406/920b4a723ef944468ef913e9ad520bee.shtml
广西壮族自治区认定机构：广西高新技术企业认定工作领导小组办公室关于广西...,/gqrdw/c101510/202406/a3c991c931df40afab5c64b5c639a37e.shtml
山东省认定机构：山东省科学技术厅 山东省财政厅 国家税务总局山东省税务局...,/gqrdw/c101503/202406/ac51da23f5de4657954191244f0ec07d.shtml
广西壮族自治区认定机构：广西高新技术企业认定工作领导小组办公室关于广西...,/gqrdw/c101510/202406/c369247320c74d95a87bd339d458411d.shtml
西藏自治区认定机构：关于西藏自治区2024年第2批完成异地搬迁高新技术企业的...,/gqrdw/c101588/202406/2cf978038b6e4ffabbc41db6d6f02121.shtml
青岛市认定机构：关于青岛市2023年度第五批更名高新技术企业的公告,/gqrdw/c101504/202406/4dfccfecb0f344b1b2862482ec001549.shtml
江苏省认定机构：关于无锡宜景智能科技有限公司等高新技术企业资格继续有效...,/gqrdw/c101568/202406/bb7b119948004901a611a4d0db856df9.shtml
深圳市认定机构：关于取消深圳市兔拉检测科技有限公司等2家企业高新技术企业...,/gqrdw/c101545/202406/c5c7108328c9473bae9b5a31841eb540.shtml
深圳市认定机构：关于取消深圳市中建南方建设集团有限公司等5家企业高新技术...,/gqrdw/c101545/202406/bbb65c58c3d4415dba76b386b9cdcfbf.shtml
重庆市认定机构：关于取消重庆优贝家儿童产业有限公司等121家企业高新技术企...,/gqrdw/c101548/202406/664d8ba442bc44e8900c39ddd2d28d8a.shtml
黑龙江省认定机构：关于取消黑龙江智深科技有限公司等64家企业高新技术企业...,/gqrdw/c101530/202406/9fb1718720064527a272bfedd1939b8d.shtml
广东省认定机构：关于广东省2024年第三批高新技术企业更名的公告,/gqrdw/c101508/202406/a10138fdc7f846e2a0a22a09ba691241.shtml
广东省认定机构：关于广东省2024年第三批完成异地搬迁高新技术企业的公告,/gqrdw/c101580/202406/3da901a7cc514cbdbbdf75826e59454a.shtml
宁波市认定机构：关于宁波市2024年第一批异地整体搬迁高新技术企业资格继续...,/gqrdw/c101570/202406/24c4e19172ee459c940a97ad07f780bd.shtml
重庆市认定机构：关于重庆市2024年第一批高新技术企业更名通过企业的公告,/gqrdw/c101512/202405/c267b5e91002493eb721f9ff5e380fc0.shtml
北京市认定机构：北京市关于2024年第二批完成异地搬迁高新技术企业的公告,/gqrdw/c101558/202405/ee6485126d4d4cdf8c52f78ae471fe74.shtml
贵州省认定机构：关于贵州省取消2户企业高新技术企业资格的公告,/gqrdw/c101550/202405/e1a9b0e13abe409c997961892e7da906.shtml
江西省认定机构：关于江西省2024年第二批高新技术企业更名的公告,/gqrdw/c101502/202405/4caa7f1f30044a2a816f2ea9d7cea5af.shtml
江西省认定机构：关于江西省2024年第二批高新技术企业更名的公告,/gqrdw/c101502/202405/ff7439070c2b4fd4ae411bac26167cdb.shtml
四川省认定机构：关于四川招华智能股份有限公司高新技术企业资格继续有效的...,/gqrdw/c101585/202405/4a0402b19b4b4622beee11519e67aeb2.shtml
重庆市认定机构：重庆市关于2024年第二批完成异地搬迁高新技术企业的公告,/gqrdw/c101584/202405/0a23a4425d1f42a1959317e9032b31e1.shtml
深圳市认定机构：深圳市工业和信息化局 深圳市财政局 国家税务总局深圳市税...,/gqrdw/c101509/202405/f4dfc3715954443a9b33f5452c8e3778.shtml
厦门市认定机构：厦门市高新技术企业认定管理办公室关于厦门市2024年第一批...,/gqrdw/c101501/202405/2fefce9917f54ce8855d22c96767e7fa.shtml
四川省认定机构：关于四川安农聚智科技有限公司高新技术企业资格继续有效的...,/gqrdw/c101585/202405/e5c344a04fb34d23849ae8a0e1a52485.shtml
贵州省认定机构：关于贵州省2024年第一批完成异地搬迁高新技术企业的公告,/gqrdw/c101586/202405/de28a9164b604763b7555b4ba0f7be4c.shtml
贵州省认定机构：关于贵州省2024年高新技术企业第一批更名的公告,/gqrdw/c101514/202405/0a8dff8203d44192beb5d599c2bff022.shtml
贵州省认定机构：关于贵州省取消21户企业高新技术企业资格的公告,/gqrdw/c101550/202405/09f3a5fafaca4b3eab8e16ca8b515a7a.shtml
山西省认定机构:山西省科学技术厅 山西省财政厅 国家税务总局山西省税务局关...,/gqrdw/c101525/202405/36e19bfdf28744909a766e8c26951a4f.shtml
大连市认定机构：关于大连市2024年第一批高新技术企业更名的公告,/gqrdw/c101492/202405/0cb4ab4559fc4409834de129066d00f7.shtml
安徽省认定机构：关于取消滁州兴恒精密工业有限公司等16家企业高新技术资格...,/gqrdw/c101535/202405/3526c15f6f6b4ad5834a3a11fa15b0db.shtml
安徽省认定机构：关于安徽省2024年第一批完成异地整体搬迁高新技术企业的公...,/gqrdw/c101571/202405/544570704de94951bc5d7edc498b3240.shtml
江苏省认定机构：关于取消江苏博丝泰钢纤维有限公司高新技术企业资格的公告,/gqrdw/c101532/202405/c016a77d6aa24a32baa4cd566af1555c.shtml
江苏省认定机构：关于取消江苏淮阴华新纸品有限公司等高新技术企业资格的公...,/gqrdw/c101532/202405/48ed709a83064928b5a5df29ec46bbba.shtml
江苏省认定机构：关于同意江苏省2024年第三批高新技术企业更名的公告,/gqrdw/c101496/202405/17069d4be33d4de5a77f0868c27faefe.shtml
湖北省认定机构：关于取消武汉卓美哒科技有限公司等103家高新技术企业资格的...,/gqrdw/c101542/202405/348a6cac3c614732b90c9c23b54d0068.shtml
西藏自治区认定机构：关于西藏自治区2024年第一批完成异地搬迁高新技术企业...,/gqrdw/c101588/202404/169cf01db88f4c8aad1acc8c42aab82c.shtml
西藏自治区认定机构：关于西藏自治区2024年第一批完成异地搬迁高新技术企业...,/gqrdw/c101588/202404/2113c0687163475dac4e51a387b4a0d0.shtml
湖南省认定机构：关于湖南省2024年第一批完成异地搬迁高新技术企业的公告,/gqrdw/c101579/202404/3e9444f84141439ab4d92f19a1c80343.shtml
厦门市认定机构：关于取消海德发（厦门）新材料科技有限公司等20家企业高新...,/gqrdw/c101537/202404/3abce789c90b4e75922383a4c559bdc1.shtml
上海市认定机构：关于上海市2024年第一批异地搬迁高新技术企业名单的公告,/gqrdw/c101567/202404/3aa9f71039214211b65795b9c62ddba3.shtml
山西省认定机构：关于2024年山西省第二批完成异地搬迁高新技术企业公告,/gqrdw/c101561/202404/1299b01f48f141999776c6cdd0f32526.shtml
山西省认定机构：山西省科学技术厅 山西省财政厅 国家税务总局山西省税务局...,/gqrdw/c101489/202404/b9ba2350238a434887ca8776a3703757.shtml
北京市认定机构：关于北京市2024年第一批高新技术企业更名的通知,/gqrdw/c101486/202404/f6703d326d9a4b6fa85a88b9fc0dc4ab.shtml
北京市认定机构：北京市关于2024年第一批完成异地搬迁高新技术企业的公告,/gqrdw/c101558/202404/89342f36ceaa4f15a00e599777a2c3a9.shtml
北京市认定机构：关于取消北京汇通融业科技发展有限公司等企业高新技术企业...,/gqrdw/c101522/202404/43f821dadbb64d1583c8aae3ca4a299b.shtml
广东省认定机构：广东省科学技术厅 广东省财政厅 国家税务总局广东省税务局...,/gqrdw/c101544/202404/fe2cf60136b443768c281211e0619bc7.shtml
江苏省认定机构：关于同意江苏省2024年第二批高新技术企业更名的公告,/gqrdw/c101496/202404/72c19dc82cef4cb3a7b47d9aede8881e.shtml
对四川省认定机构2023年认定报备的高新技术企业进行补充备案的公告,/gqrdw/c101470/202404/2596494e82f34f38b59a758d6cf5eda5.shtml
对海南省认定机构2023年认定报备的高新技术企业进行补充备案的公告,/gqrdw/c101468/202404/9d2c708071c24fcdaffe0b04baf0f244.shtml
对青岛市认定机构2023年认定报备的高新技术企业进行补充备案的公告,/gqrdw/c101461/202404/ee8a590c7a6d401baf6ed5c62eff880c.shtml
对重庆市认定机构2023年认定报备的高新技术企业进行补充备案的公告,/gqrdw/c101469/202404/384b91f7124e41ebb7880bb1a65ba1e4.shtml
对广东省认定机构2023年认定报备的高新技术企业进行补充备案的公告,/gqrdw/c101465/202404/26114a413bbe4eeb83bbb79cabf6043d.shtml
对云南省认定机构2023年认定报备的高新技术企业进行补充备案的公告,/gqrdw/c101472/202404/39331349652847b491e4510e596c2ae9.shtml
对宁夏回族自治区认定机构2023年认定报备的高新技术企业进行补充备案的公告,/gqrdw/c101477/202404/7e37576ddcce41d9906361a650511ef3.shtml
对河南省认定机构2023年认定报备的高新技术企业进行补充备案的公告,/gqrdw/c101462/202404/b8494d23f6de4fb686f5e83b878fa327.shtml
对天津市认定机构2023年认定报备的高新技术企业进行补充备案的公告,/gqrdw/c101444/202404/7ecae1b5ceaf4d678a875f12ddbedbbc.shtml
对山西省认定机构2023年认定报备的高新技术企业进行补充备案的公告,/gqrdw/c101446/202404/8e512984f7664439823cc3cae6236acf.shtml
对江苏省认定机构2023年认定报备的高新技术企业进行补充备案的公告,/gqrdw/c101453/202404/4db27e4072ae4366aa55351d228b875d.shtml
对广西壮族自治区认定机构2023年认定报备的高新技术企业进行补充备案的公告,/gqrdw/c101467/202404/35e4975c61124e69b7ae1ccabf02eaaa.shtml
对湖北省认定机构2023年认定报备的高新技术企业进行补充备案的公告,/gqrdw/c101463/202404/d357bf6ec10a432c82054e8100ad2f68.shtml
对北京市认定机构2023年认定报备的高新技术企业进行补充备案的公告,/gqrdw/c101443/202404/b73dc80563b64f77a0b0c2412230edd9.shtml
对贵州省认定机构2023年认定报备的高新技术企业进行补充备案的公告,/gqrdw/c101471/202404/5cae7faa979c4f3db6d2d761181d38e3.shtml
对浙江省认定机构2023年认定报备的高新技术企业进行补充备案的公告,/gqrdw/c101454/202404/802ebaaaf9d1459c83789cbd7ea22479.shtml
对辽宁省认定机构2023年认定报备的高新技术企业进行补充备案的公告,/gqrdw/c101448/202404/0a1aebd5c5064af0958aa560bd8ff2dc.shtml
对厦门市认定机构2023年认定报备的高新技术企业进行补充备案的公告,/gqrdw/c101458/202404/8abfd53be0bf4bd39965e152bbbfeb69.shtml
对福建省认定机构2023年认定报备的高新技术企业进行补充备案的公告,/gqrdw/c101457/202404/0138c90f616946358687db53c76430b4.shtml
对新疆维吾尔自治区认定机构2023年认定报备的高新技术企业进行补充备案的公...,/gqrdw/c101478/202404/6aced1841c814f368034aa9d70d34641.shtml
对甘肃省认定机构2023年认定报备的高新技术企业进行补充备案的公告,/gqrdw/c101475/202404/5020195a4cf64095b7e209af6ec36adb.shtml
对西藏自治区认定机构2023年认定报备的高新技术企业进行补充备案的公告,/gqrdw/c101473/202404/f0c194b3c43b4bf68954cd4322509700.shtml
对深圳市认定机构2023年认定报备的高新技术企业进行补充备案的公告,/gqrdw/c101466/202404/c64c9d47660145c9a2f6480e76979cb6.shtml
对安徽省认定机构2023年认定报备的高新技术企业进行补充备案的公告,/gqrdw/c101456/202404/39a1a11ed3c34b8bb7d27534d6584e1e.shtml
对吉林省认定机构2023年认定报备的高新技术企业进行补充备案的公告,/gqrdw/c101450/202404/1b915b1b6db94952a854260e5fb15491.shtml
对湖南省认定机构2023年认定报备的高新技术企业进行补充备案的公告,/gqrdw/c101464/202404/999a5881be2b47e6bc577e4bde3fcf6a.shtml
对大连市认定机构2023年认定报备的高新技术企业进行补充备案的公告,/gqrdw/c101449/202404/dc0dca26221c4242b1750107cf6a0c71.shtml
对黑龙江省认定机构2023年认定报备的高新技术企业进行补充备案的公告,/gqrdw/c101451/202404/f79377c12a644795b5ee1265a75625e4.shtml
对江西省认定机构2023年认定报备的高新技术企业进行补充备案的公告,/gqrdw/c101459/202404/e97e2fcd21cb49fba81c2e4c7c82f395.shtml
对山东省认定机构2023年认定报备的高新技术企业进行补充备案的公告,/gqrdw/c101460/202404/2450edf577384f6f9d9afda70df98fe5.shtml
对上海市认定机构2023年认定报备的高新技术企业进行补充备案的公告,/gqrdw/c101452/202404/a1332ea7cff64af694f0624e2217e871.shtml
对宁波市认定机构2023年认定报备的高新技术企业进行补充备案的公告,/gqrdw/c101455/202404/a97d92fbf5c34d21879ec827a5f4bcfa.shtml
对青海省认定机构2023年认定报备的高新技术企业进行补充备案的公告,/gqrdw/c101476/202404/e6f39da03b43470497632a0f0425732a.shtml
对河北省认定机构2023年认定报备的高新技术企业进行补充备案的公告,/gqrdw/c101445/202404/1e2bef4bbc4d48ecb3ff8dd64b778859.shtml
对陕西省认定机构2023年认定报备的高新技术企业进行补充备案的公告,/gqrdw/c101474/202404/affcff8883af4a6ea5f818aa69fad56a.shtml
对内蒙古自治区认定机构2023年认定报备的高新技术企业进行补充备案的公告,/gqrdw/c101447/202404/a290554ba548489ea8b438e669ba8ea6.shtml
青岛市认定机构：关于青岛市2024年度第一批更名高新技术企业的公告,/gqrdw/c101504/202404/ccb8032205c646c49f71611404d26600.shtml
广东省认定机构：关于广东省2024年第二批高新技术企业更名的公告,/gqrdw/c101508/202404/758633c8939e4f28b2e4b6eb5f93bd3d.shtml
贵州省认定机构：关于取消贵州富士亲旺光电制造有限公司高新技术企业资格的...,/gqrdw/c101550/202404/f8ac15dd1e844d58978f3190da87babf.shtml
广西壮族自治区认定机构：关于广西壮族自治区2024年第一批完成异地搬迁高新...,/gqrdw/c101582/202404/5435d99e5fb6421082eabe80f136f73f.shtml
黑龙江省认定机构：关于黑龙江省2024年第一批高新技术企业更名的公告,/gqrdw/c101494/202404/cae70ff953674a578146136d9096efa1.shtml
江苏省认定机构：关于张家港市港语云传媒科技有限公司等高新技术企业资格继...,/gqrdw/c101568/202403/c59d712476db4990b4f7af2f3c398556.shtml
海南省认定机构：关于同意三亚天涯行城市通卡科技有限公司等10家高新技术企...,/gqrdw/c101511/202403/f517aca910944ba6aabe2671f3099142.shtml
湖南省认定机构：关于湖南省2024年第一批高新技术企业更名（含重大变化）的...,/gqrdw/c101507/202403/b4fcc6a8ca9741de9fabb82d6d95163f.shtml
四川省认定机构：关于成都永新医疗设备有限公司高新技术企业资格继续有效的...,/gqrdw/c101585/202403/aa4080203dce487db213332d85f94529.shtml
海南省认定机构：关于海南禹帆科技有限公司等8家高新技术企业资格继续有效的...,/gqrdw/c101583/202403/bec57cc1245548c78ed0e00e151466a3.shtml
深圳市认定机构：深圳市科技创新委员会 深圳市财政局 国家税务总局深圳市税...,/gqrdw/c101545/202403/64c7fa00c95b4d008f6ad1ef5f42438d.shtml
江西省认定机构：关于江西省2024年第一批高新技术企业更名的公告,/gqrdw/c101502/202403/687168ada8db40e7b1340e6f09d41210.shtml
西藏自治区认定机构：关于西藏自治区2024年第一批高新技术企业更名的公告,/gqrdw/c101516/202403/5d5ec28e1c84441a844f22b053d03045.shtml
青岛市认定机构：关于标贝（青岛）科技有限公司等2家企业高新技术企业资格继...,/gqrdw/c101576/202403/165f3e7cc54a4a5b998e989201f6816e.shtml
青岛市认定机构：关于撤销宇康善水生物科技有限公司高新技术企业资格的公告,/gqrdw/c101540/202403/2b9c3734389c4b0397185cc33c33eda8.shtml
安徽省认定机构：关于取消合肥云迅汇智信息科技有限公司等73家企业高新技术...,/gqrdw/c101535/202403/8cfba7e9f77a435f9bcbd09f628d880b.shtml
安徽省认定机构：关于公布安徽省2023年第四批更名高新技术企业名单的通知,/gqrdw/c101499/202403/9f6efe5ba81b41048ab50e2ca1e03816.shtml
安徽省认定机构：关于安徽省2023年第四批完成异地整体搬迁高新技术企业的公...,/gqrdw/c101571/202403/54b440d6968d4e5080e56a5b91fd10d6.shtml
安徽省认定机构：关于取消安徽丰源车业有限公司等36家企业高新技术企业资格...,/gqrdw/c101535/202403/714c310bdcac473588678aebf6cb1749.shtml
云南省认定机构：关于云南省2024年第一批异地整体搬迁高新技术企业资格继续...,/gqrdw/c101587/202403/e1bc7f3717cd47dd8bc9f317aa27304a.shtml
山西省认定机构：山西省科学技术厅 山西省财政厅 国家税务总局山西省税务局...,/gqrdw/c101489/202403/f857759b75cc48728a49e9f6065c251d.shtml
山西省认定机构：关于2024年山西省第一批完成异地搬迁高新技术企业公告,/gqrdw/c101561/202403/f0d380047dec4c58ac8e81ab2ad85b92.shtml
广东省认定机构：广东省科学技术厅 广东省财政厅 国家税务总局广东省税务局...,/gqrdw/c101544/202402/6c9f7c287eeb4327ab3fad16968a7815.shtml
青岛市认定机构：关于山东苍穹软件技术有限公司等2家企业高新技术企业资格继...,/gqrdw/c101576/202402/0a63f108c5be4a8d9cbf6ece74b691c7.shtml
江西省认定机构：关于取消江西来客互联网信息技术服务有限公司等企业高新技...,/gqrdw/c101538/202402/5c00ff44c74541e3b8045a5d7497fb64.shtml
江苏省认定机构：关于同意江苏省2024年第一批高新技术企业更名的公告,/gqrdw/c101496/202402/18210ac78d884086a5b5ba5a28b18047.shtml
江苏省认定机构：关于华经智能信息（江苏）有限公司等高新技术企业资格继续...,/gqrdw/c101568/202402/3d96e223907c4caa8341ec9bd74c034e.shtml
江苏省认定机构：关于同意江苏省2023年第十三批高新技术企业更名的公告,/gqrdw/c101496/202402/0d8d705003604403a8aa64bddbd3e916.shtml
重庆市认定机构：重庆市关于2024年第一批完成异地搬迁高新技术企业的公告,/gqrdw/c101584/202402/7727fdb0607e4be480266fcf51b0e01b.shtml
甘肃省认定机构：关于甘肃省2024年度第一批更名高新技术企业名单的公告,/gqrdw/c101518/202402/72caef61c0864121b5a3f152d8533e86.shtml
厦门市认定机构：厦门市高新技术企业认定管理办公室关于取消厦门市恒创互联...,/gqrdw/c101537/202402/23644e3f34e94401a15696033cac27d6.shtml
吉林省认定机构：吉林省关于2024年第一批高新技术企业更名的公告,/gqrdw/c101493/202402/549924f4cba44b4cb77177038e6a631c.shtml
广东省认定机构：关于广东省2024年第一批高新技术企业更名的公告,/gqrdw/c101508/202402/f535412ec1dc4680866a2279d9c52b4e.shtml
福建省认定机构：福建省科学技术厅 福建省财政厅 国家税务总局福建省税务局...,/gqrdw/c101536/202402/6f67cac66ae5427ab8264dd6022b0703.shtml
福建省认定机构：福建省科学技术厅 福建省财政厅 国家税务总局福建省税务局...,/gqrdw/c101536/202402/b5f72141ebf847cfb036f368c1c6c686.shtml
广东省认定机构：关于广东省2024年第一批完成异地搬迁高新技术企业的公告,/gqrdw/c101580/202402/e60626f3ec6c41bcb5cfc9d764c3ecf1.shtml
青岛市认定机构：关于取消青岛凯旭云通信息科技有限公司等181家企业高新技术...,/gqrdw/c101540/202401/ef0ff6488a0a426dbfa672a2088765ef.shtml
天津市认定机构：关于天津市2023年第三批高新技术企业更名的公告,/gqrdw/c101487/202401/90aa4fdf44e945d0afbe78d112a2ac0b.shtml
海南省认定机构：关于取消47家高新技术企业资格的公告,/gqrdw/c101547/202401/493c4e5504a94a1893950b1134fb5f0c.shtml
四川省认定机构：关于取消德阳创新科技服务有限公司等3家年度高新技术企业资...,/gqrdw/c101549/202401/f3baf2c50851492f9aeda39a9dd920f8.shtml
贵州省认定机构：关于贵州省取消37户企业高新技术企业资格的通知,/gqrdw/c101550/202401/92e5219b3c9e4e249d983db5275e4189.shtml
对广东省认定机构2023年认定报备的第三批高新技术企业进行备案的公告,/gqrdw/c101465/202401/30351190e7674daf8c837526382b31e0.shtml
对广东省认定机构2023年认定报备的第二批高新技术企业进行备案的公告,/gqrdw/c101465/202401/4ec4684638e74cd193546c5ad95d3fea.shtml
对广东省认定机构2023年认定报备的第一批高新技术企业进行备案的公告,/gqrdw/c101465/202401/08ad4b629748496c99e9bda3aee0787a.shtml
对河南省认定机构2023年认定报备的第二批高新技术企业进行备案的公告,/gqrdw/c101462/202401/5f5fe03b587d48f08b153f1524eb2754.shtml
对福建省认定机构2023年认定报备的第二批高新技术企业进行备案的公告,/gqrdw/c101457/202401/37e18d031d6344ac97df4e3d62960bb6.shtml
对福建省认定机构2023年认定报备的第一批高新技术企业进行备案的公告,/gqrdw/c101457/202401/40425243d24047cebec3b3a90f996cae.shtml
对四川省认定机构2023年认定报备的第二批高新技术企业进行备案的公告,/gqrdw/c101470/202401/d442e8a01c4f4bc89edbfe838db8b487.shtml
对宁波市认定机构2023年认定报备的第一批高新技术企业进行补充备案的公告,/gqrdw/c101455/202401/7d014844a66840c98fa064d8a9099768.shtml
内蒙古自治区认定机构：关于取消美森工业技术有限公司等6家高新技术企业资格...,/gqrdw/c101526/202401/42b7e1c2080d4318acf52997c11951f3.shtml
山西省认定机构：关于2023年山西省第二批完成异地搬迁高新技术企业公告,/gqrdw/c101561/202401/2e957305da5e46ffbd6450ab4fb1cd65.shtml
内蒙古自治区认定机构：关于内蒙古自治区2023年第一批完成异地搬迁高新技术...,/gqrdw/c101562/202401/4e6c497917fb497a9b1ed5ffc1155b4b.shtml
对深圳市认定机构2023年认定报备的第五批高新技术企业进行备案的公告,/gqrdw/c101466/202401/3aac7374462c4aa092a49114c8b78632.shtml
对北京市认定机构2023年认定报备的第四批高新技术企业进行备案的公告,/gqrdw/c101443/202401/cb713f947a4047f297fa650d5da756c3.shtml
关于对北京市认定机构2023年认定报备的第五批集成电路等领域政策试点高新技...,/gqrdw/c101443/202401/2b48af22705d4682be2c59d416830f3c.shtml
对辽宁省认定机构2023年认定报备的第二批高新技术企业进行备案的公告,/gqrdw/c101448/202401/1272ce14c6ac41b496083415b759d639.shtml
陕西省认定机构：关于陕西省2023年第八批更名高新技术企业名单的公告,/gqrdw/c101517/202401/e10d199c4143474c9fe333093206febe.shtml
江苏省认定机构：关于南京普塔信息技术服务有限公司等高新技术企业资格继续...,/gqrdw/c101568/202401/2545ae5eaefb4869bf18bd0bf6320263.shtml
江苏省认定机构：关于取消江苏鸿开工业自动化设备有限公司高新技术企业资格...,/gqrdw/c101532/202401/25a9e2a4fb194d75a0e00dc80fbb89ba.shtml
江苏省认定机构：关于取消江苏鸿开工业自动化设备有限公司高新技术企业资格...,/gqrdw/c101532/202401/859c596109aa4b4db978d258083d06f7.shtml
厦门市认定机构：厦门市高新技术企业认定管理办公室关于厦门市2023年第六批...,/gqrdw/c101501/202401/814fcc8d7dbb4e30b4ca3be4034b2687.shtml
对大连市认定机构2023年认定报备的第二批高新技术企业进行备案的公告,/gqrdw/c101449/202401/201ea152265b4b5e928608b97721d343.shtml
对大连市认定机构2023年认定报备的第一批高新技术企业进行备案的公告,/gqrdw/c101449/202401/dbffd0dfc6f54052b3bb51606a8847e5.shtml
对深圳市认定机构2023年认定报备的第四批高新技术企业进行备案的公告,/gqrdw/c101466/202401/c8406643d2f34c17b9988b8130a5e7c3.shtml
对甘肃省认定机构2023年认定报备的第四批高新技术企业进行备案的公告,/gqrdw/c101475/202401/3c9b8952fc4d4cdaab6aedb3628cba27.shtml
对甘肃省认定机构2023年认定报备的第三批高新技术企业进行备案的公告,/gqrdw/c101475/202401/f0450777219d40388a9ccce3832c9331.shtml
对海南省认定机构2023年认定报备的第二、三批高新技术企业进行备案的公告,/gqrdw/c101468/202401/9a19c2d3a7b24301a2f373b2934bbb60.shtml
对海南省认定机构2023年认定报备的第一批高新技术企业进行备案的公告,/gqrdw/c101468/202401/f11e289a27424e0d9319e1d28ed31393.shtml
海南省认定机构：关于海南景新科技有限公司等25家高新技术企业资格继续有效...,/gqrdw/c101583/202401/3d645979ab564f19b8c410aa709afb28.shtml
对贵州省认定机构2023年认定报备的第二批高新技术企业进行备案的公告,/gqrdw/c101471/202401/9f769f67987f4c819d7729dfdc6d8194.shtml
对贵州省认定机构2023年认定报备的第一批高新技术企业进行备案的公告,/gqrdw/c101471/202401/b6240c9324f2417482e8848d0aa0959a.shtml
对陕西省认定机构2023年认定报备的第五批高新技术企业进行备案的公告,/gqrdw/c101474/202401/3b64e99e61774155ba2edb58e67d9bac.shtml
对陕西省认定机构2023年认定报备的第四批高新技术企业进行备案的公告,/gqrdw/c101474/202401/eb81720fe8b64ea2884ae95d11055f08.shtml
对陕西省认定机构2023年认定报备的第三批高新技术企业进行备案的公告,/gqrdw/c101474/202401/9387a75f1f964adeaa0c2f5e21c2c507.shtml
对厦门市认定机构2023年认定报备的第二批高新技术企业进行备案的公告,/gqrdw/c101458/202401/08a5609b5398452d8ee5356702e877f4.shtml
对江苏省认定机构2023年认定报备的第二批高新技术企业进行备案的公告,/gqrdw/c101453/202401/a1d67de11a3a4d328202092ec5f57696.shtml
对湖北省认定机构2023年认定报备的第六批高新技术企业进行备案的公告,/gqrdw/c101463/202401/050bed3ab071449c8e504a11d2ec8194.shtml
对湖北省认定机构2023年认定报备的第五批高新技术企业进行备案的公告,/gqrdw/c101463/202401/aae2819ec7e64c5ea49f5362f631f583.shtml
对上海市认定机构2023年认定报备的第二批高新技术企业进行备案的公告,/gqrdw/c101452/202401/9ebc92c809234b42a0c2f258e5c0c340.shtml
四川省认定机构：关于四川省2023年第三批高新技术企业更名通过企业的公告,/gqrdw/c101513/202401/4f1161e548344923a2e0234612e8403f.shtml
河南省认定机构：关于公布河南省2023年第三批补充更名高新技术企业名单的通...,/gqrdw/c101505/202401/3a67cf439dcf4229823b0dcee9fa8e0d.shtml
北京市认定机构：北京市科学技术委员会、中关村科技园区管理委员会 北京市财...,/gqrdw/c101486/202401/76f109a9e2784f62b2fc91f5ce208fb4.shtml
青岛市认定机构：关于山东清控智能科技有限公司高新技术企业资格继续有效的...,/gqrdw/c101576/202401/30adb033c5204a3d85588ca2c9c49b85.shtml
青岛市认定机构：关于追溯取消青岛国鸣教育科技有限公司等9家企业高新技术企...,/gqrdw/c101540/202401/61531dfdbec742f8855270616ad9ce61.shtml
贵州省认定机构：关于取消8户企业高新技术企业资格的通知,/gqrdw/c101550/202312/e587dcd06f7340e9ba53a959439c9f72.shtml
贵州省认定机构：关于取消52户企业高新技术企业资格的通知,/gqrdw/c101550/202312/bfcb6d2873bf4fc686e6279a46f04522.shtml
贵州省认定机构：关于取消76户企业高新技术企业资格的通知,/gqrdw/c101550/202312/79db130fa365479cb2d8e81729738550.shtml
对天津市认定机构2023年认定报备的第二批高新技术企业进行备案的公告,/gqrdw/c101444/202312/b32ff6a016ad495b9ae4f0c8f2c403e6.shtml
对山西省认定机构2023年认定报备的第三批高新技术企业进行备案的公告,/gqrdw/c101446/202312/484ae6736e7d4205b6f7556889b9b6b4.shtml
对浙江省认定机构2023年认定报备的高新技术企业进行备案的公告,/gqrdw/c101454/202312/2bde1da52d384b98906b922ba0816861.shtml
对山西省认定机构2023年认定报备的第二批高新技术企业进行备案的公告,/gqrdw/c101446/202312/96d991ac9f024bf18a9a94e6ff5ead68.shtml
对湖南省认定机构2023年认定报备的第二批高新技术企业进行备案的公告,/gqrdw/c101464/202312/df678616387f4b479ada44cfdc37fd1c.shtml
对广西壮族自治区认定机构2023年认定报备的第二批高新技术企业进行备案的公...,/gqrdw/c101467/202312/758a02aa3ba94aed8634c43a2565ab72.shtml
对江西省认定机构2023年认定报备的第四批高新技术企业进行备案的公告,/gqrdw/c101459/202312/184c1f8a9ec04e469ac5824594b27b95.shtml
宁夏回族自治区认定机构：关于取消宁夏亘峰嘉能能源科技股份有限公司等4家高...,/gqrdw/c101556/202312/44a1b3137da64e38a33bdb6203df0a19.shtml
对江西省认定机构2023年认定报备的第三批高新技术企业进行备案的公告,/gqrdw/c101459/202312/fca76cbb38c54f61b6072ac1b0d6cf25.shtml
对江西省认定机构2023年认定报备的第二批高新技术企业进行备案的公告,/gqrdw/c101459/202312/c3c1e7a5474a421884b94cf0ddc59253.shtml
对广东省认定机构2023年认定报备的第三批高新技术企业拟进行备案的公示,/gqrdw/c101429/202312/78d9de27f3d8491fb239f0ece310f361.shtml
对广东省认定机构2023年认定报备的第二批高新技术企业拟进行备案的公示,/gqrdw/c101429/202312/3d324a081cf949fba11ccd5315b2f37b.shtml
对福建省认定机构2023年认定报备的第二批高新技术企业拟进行备案的公示,/gqrdw/c101421/202312/7ccbf08870b948869179867706c34b46.shtml
对福建省认定机构2023年认定报备的第一批高新技术企业拟进行备案的公示,/gqrdw/c101421/202312/cbc232072a2841d5aa024a551a936c4c.shtml
对广东省认定机构2023年认定报备的第一批高新技术企业拟进行备案的公示,/gqrdw/c101429/202312/9471b933a7bf4f1d8a8b35559ed0e5a5.shtml
对宁波市认定机构2023年认定报备的第一批高新技术企业拟进行补充备案的公示,/gqrdw/c101419/202312/3f0d887eb752478ea36dafb680156ee7.shtml
厦门市认定机构：厦门市高新技术企业认定管理办公室关于厦门市2023年第三批...,/gqrdw/c101573/202312/99aaea2df13b4d74b8244a6a942abb9f.shtml
对山东省认定机构2023年认定报备的第三批高新技术企业进行备案的公告,/gqrdw/c101460/202312/af25a3a839fa40a9af8c9432f3f259e3.shtml
对山东省认定机构2023年认定报备的第二批高新技术企业进行备案的公告,/gqrdw/c101460/202312/24a992fbf67241be826444143b3c4074.shtml
对宁波市认定机构2023年认定报备的第一批高新技术企业进行备案的公告,/gqrdw/c101455/202312/f2f4339193c14ff18d3ea9f3690400f5.shtml
对新疆维吾尔自治区认定机构2023年认定报备的第三批高新技术企业进行备案的...,/gqrdw/c101478/202312/1dda956f58a24960b59db21728afe970.shtml
对安徽省认定机构2023年认定报备的第三批高新技术企业进行备案的公告,/gqrdw/c101456/202312/cb2f775e55bc48a9b684ee75e36d44db.shtml
对西藏自治区认定机构2023年认定报备的第二批高新技术企业进行备案的公告,/gqrdw/c101473/202312/0aa0f335790d44e8b5e653225a4ed445.shtml
对青岛市认定机构2023年认定报备的第三批高新技术企业进行备案的公告,/gqrdw/c101461/202312/c4daa3c53d95482f97f828bdc44d24c0.shtml
对内蒙古自治区认定机构2023年认定报备的第三批高新技术企业进行备案的公告,/gqrdw/c101447/202312/831b9eea70b94c8a8655eeb2cecfeb7c.shtml
对西藏自治区认定机构2023年认定报备的第一批高新技术企业进行备案的公告,/gqrdw/c101473/202312/a2352b9b4bb54699a39250d0d9e9c3f8.shtml
天津市认定机构：关于取消天津市双狮涂料有限公司等6家高新技术企业资格的公...,/gqrdw/c101523/202312/f4a69c1abf32463e8145a9f681b6cb67.shtml
天津市认定机构：关于2023年第三批完成异地搬迁高新技术企业的公告,/gqrdw/c101559/202312/d5a5fa6161084e01a0f01e172c85d7eb.shtml
江西省认定机构：关于江西省2023年第四批完成异地整体搬迁高新技术企业资格...,/gqrdw/c101574/202312/bf8bdbf74c5b42d2aeb8d27e52513d9e.shtml
江西省认定机构：关于江西省2023年第八批高新技术企业更名的公告,/gqrdw/c101502/202312/a5ed02542b254544b277b5e22cdd38eb.shtml
湖南省认定机构：关于湖南省2023年第四批高新技术企业更名（含重大变化）的...,/gqrdw/c101507/202312/bc541c63d6714be59db8182405badbba.shtml
河南省认定机构：关于取消河南千年冷冻设备有限公司等30家企业高新技术企业...,/gqrdw/c101541/202312/ab7ce8a580df4bdea0821ab77d54b8f9.shtml
江苏省认定机构：关于同意江苏省2023年第十二批高新技术企业更名的公告,/gqrdw/c101496/202312/4ba37a572cbd4c879a92598386beccf7.shtml
江苏省认定机构：关于同意江苏省2023年第十一批高新技术企业更名的公告,/gqrdw/c101496/202312/f4ee7f881b6f49b3b3ad1b8803b0d12d.shtml
对深圳市认定机构2023年认定报备的第五批高新技术企业拟进行备案的公示,/gqrdw/c101430/202312/829fdc2d46574947b92e1f40d3e886d8.shtml
对辽宁省认定机构2023年认定报备的第二批高新技术企业拟进行备案的公示,/gqrdw/c101412/202312/d9ddd6a7c7134b9aabd1eb4830811247.shtml
对云南省认定机构2023年认定报备的第二批高新技术企业进行备案的公告,/gqrdw/c101472/202312/540556d9377b40c6b911134592ea9598.shtml
对北京市认定机构2023年认定报备的第五批集成电路等领域政策试点高新技术企...,/gqrdw/c101407/202312/f173b60779884a9c9887ad4240f61e92.shtml
对北京市认定机构2023年认定报备的第四批高新技术企业拟进行备案的公示,/gqrdw/c101407/202312/be1d203339504f0090360448366626eb.shtml
对河北省认定机构2023年认定报备的第三批高新技术企业进行备案的公告,/gqrdw/c101445/202312/f5d726c8ad6642d7a4df657d7503abb8.shtml
对广西壮族自治区认定机构2023年认定报备的第一批高新技术企业进行备案的公...,/gqrdw/c101467/202312/2aabb88dd6ee4edea4dfb1995e57f69b.shtml
对宁夏回族自治区认定机构2023年认定报备的第二批高新技术企业进行备案的公...,/gqrdw/c101477/202312/9ddb033d352c45bcacf850512710e687.shtml
对安徽省认定机构2023年认定报备的第二批高新技术企业进行备案的公告,/gqrdw/c101456/202312/67f4bf84c3a04539b0457c19ce38662a.shtml
对北京市认定机构2023年认定报备的第三批高新技术企业进行备案的公告,/gqrdw/c101443/202312/4971270596b648d29c8da93d10e62884.shtml
关于对北京市认定机构2023年认定报备的第四批集成电路等领域政策试点高新技...,/gqrdw/c101443/202312/48bd7e0fdd014a95adc3f6b0c890fea2.shtml
关于对北京市认定机构2023年认定报备的第四批集成电路等领域政策试点高新技...,/gqrdw/c101443/202312/582a97e84ebb43038a08b066d7853698.shtml
黑龙江省认定机构：关于黑龙江省2023年第三批高新技术企业更名的公告,/gqrdw/c101494/202312/6a63efa80eea43e685856cded920cad4.shtml
河北省认定机构：河北省高新技术企业认定管理工作领导小组关于公布河北省20...,/gqrdw/c101488/202312/1cfc526bf4a24288a3ebeb83a5dd7c2c.shtml
江苏省认定机构：关于取消南京锦琪昶新材料有限公司等高新技术企业资格的公...,/gqrdw/c101532/202312/ea5d4cd30e1d45eaaa2bfeffd93b86c6.shtml
贵州省认定机构：关于贵州省2023年第五批高新技术企业更名的公告,/gqrdw/c101514/202312/19590226b70b4a6ca639c2d733278859.shtml
新疆维吾尔自治区认定机构：关于新疆维吾尔自治区取消哈密博伦矿业有限责任...,/gqrdw/c101557/202312/b232926787d946888a544edf7b5385a4.shtml
对辽宁省认定机构2023年认定报备的第一批高新技术企业进行备案的公告,/gqrdw/c101448/202312/827d8fe073ad4175bc66c21b8aa388df.shtml
对厦门市认定机构2023年认定报备的第一批高新技术企业进行备案的公告,/gqrdw/c101458/202312/57b320541d8741fda6884e1be06e35f9.shtml
对青岛市认定机构2023年认定报备的第二批高新技术企业进行备案的公告,/gqrdw/c101461/202312/9d80f89f06824530845d7aef7c9e4fa9.shtml
对陕西省认定机构2023年认定报备的第二批高新技术企业进行备案的公告,/gqrdw/c101474/202312/d69b23ac3741488a91e605734a5c7b34.shtml
对陕西省认定机构2023年认定报备的第一批高新技术企业进行备案的公告,/gqrdw/c101474/202312/0d751da071ff4ab399a333ff33ea1238.shtml
对吉林省认定机构2023年认定报备的第二批高新技术企业进行备案的公告,/gqrdw/c101450/202312/95ab4161326b4b3a82bf881a3c35635e.shtml
对山东省认定机构2023年认定报备的第一批高新技术企业进行备案的公告,/gqrdw/c101460/202312/538cf81e0fd742e5995c8f6211a678de.shtml
对河南省认定机构2023年认定报备的第一批高新技术企业进行备案的公告,/gqrdw/c101462/202312/cee1e11326b94389b2640c4468609759.shtml
对江苏省认定机构2023年认定报备的第二批高新技术企业拟进行备案的公示,/gqrdw/c101417/202312/ceda952e1ec14a268770de1232e80a8f.shtml
对四川省认定机构2023年认定报备的第二批高新技术企业拟进行备案的公示,/gqrdw/c101434/202312/0ea1aa8c480d45e89be27288ddca93b6.shtml
对大连市认定机构2023年认定报备的第二批高新技术企业拟进行备案的公示,/gqrdw/c101413/202312/7f6dfcb2c4484c83aa76ef918c077fb5.shtml
对大连市认定机构2023年认定报备的第一批高新技术企业拟进行备案的公示,/gqrdw/c101413/202312/9a3de92e7cac4692965000efd01cab74.shtml
对贵州省认定机构2023年认定报备的第二批高新技术企业拟进行备案的公示,/gqrdw/c101435/202312/c05df72c99eb417fbe7fc73e357cb661.shtml
对贵州省认定机构2023年认定报备的第一批高新技术企业拟进行备案的公示,/gqrdw/c101435/202312/ba43e1ea819148e58834733173bf4de6.shtml
对上海市认定机构2023年认定报备的第二批高新技术企业拟进行备案的公示,/gqrdw/c101416/202312/bc4d18232bfe48a18b64757b2e863972.shtml
对陕西省认定机构2023年认定报备的第五批高新技术企业拟进行备案的公示,/gqrdw/c101438/202312/785d5546cdd74a8794626f2997c880b6.shtml
对陕西省认定机构2023年认定报备的第四批高新技术企业拟进行备案的公示,/gqrdw/c101438/202312/f1be71a36c94497f89d42024de87fd6e.shtml
对陕西省认定机构2023年认定报备的第三批高新技术企业拟进行备案的公示,/gqrdw/c101438/202312/11b35432d54340e6ab76725b364ac7cd.shtml
对深圳市认定机构2023年认定报备的第四批高新技术企业拟进行备案的公示,/gqrdw/c101430/202312/2cc364ec50d44de9bf07e2343a922918.shtml
对甘肃省认定机构2023年认定报备的第四批高新技术企业拟进行备案的公示,/gqrdw/c101439/202312/f8d9cf033e784e7f970be9966525f2df.shtml
对甘肃省认定机构2023年认定报备的第三批高新技术企业拟进行备案的公示,/gqrdw/c101439/202312/3dd417c914b14e8c93c8367289d4d53c.shtml
河北省认定机构：关于山西礼格科技有限公司等5家高新技术企业资格继续有效的...,/gqrdw/c101560/202312/9c9f7f12070f4d328f915d1bd119ba86.shtml
湖南省认定机构：关于取消湖南创一建设工程有限公司等48家企业高新技术企业...,/gqrdw/c101543/202312/ace4e90a6534494fb5b5eac61bb0a32c.shtml
四川省认定机构：关于取消中国核工业二四建设有限公司等11家年度高新技术企...,/gqrdw/c101549/202312/4d532fd2d60b4e38b1498a4c16957994.shtml
对湖北省认定机构2023年认定报备的第五批高新技术企业拟进行备案的公示,/gqrdw/c101427/202312/56e47594827d4875825f8a913af384e7.shtml
对宁波市认定机构2023年认定报备的第一批高新技术企业拟进行备案的公示,/gqrdw/c101419/202312/7b0a2855514f44e9a3d5435c895f0ab3.shtml
对江西省认定机构2023年认定报备的第四批高新技术企业拟进行备案的公示,/gqrdw/c101423/202312/7a2625b111fb4a3699472959352a9f2c.shtml
对江西省认定机构2023年认定报备的第三批高新技术企业拟进行备案的公示,/gqrdw/c101423/202312/73a6b0926e9046b88dfdbd7103cdcc8b.shtml
对江西省认定机构2023年认定报备的第二批高新技术企业拟进行备案的公示,/gqrdw/c101423/202312/d6188c3c44dd4fd0b116f5a972f8922c.shtml
对浙江省认定机构2023年认定报备的高新技术企业拟进行备案的公示,/gqrdw/c101418/202312/aed617e76d544e3c915c47b010238585.shtml
对海南省认定机构2023年认定报备的第二、三批高新技术企业拟进行备案的公示,/gqrdw/c101432/202312/93a2351c87a14bf8a9cf37f483adc0a8.shtml
对湖南省认定机构2023年认定报备的第二批高新技术企业拟进行备案的公示,/gqrdw/c101428/202312/f8bde13191354fdb8a9fba66b1bc9329.shtml
对天津市认定机构2023年认定报备的第二批高新技术企业拟进行备案的公示,/gqrdw/c101408/202312/7f9e1be1bd154e5e89513936cce47c07.shtml
对湖北省认定机构2023年认定报备的第六批高新技术企业拟进行备案的公示,/gqrdw/c101427/202312/3d9c7b43ebc14aa0a6531113e3d5a5bb.shtml
对重庆市认定机构2023年认定报备的第二批高新技术企业进行备案的公告,/gqrdw/c101469/202312/720758bdce25442983270fc123948aa3.shtml
对江西省认定机构2023年认定报备的第一批高新技术企业进行备案的公告,/gqrdw/c101459/202312/1239d0f6d80c4e31bf4dea6d9277b274.shtml
湖南省认定机构：关于湖南省2023年第二批高新技术企业更名的公告,/gqrdw/c101507/202312/14ec887df01c490ebdbf4578ba57e0bc.shtml
湖南省认定机构：关于湖南省2023年第二批高新技术企业更名的公告,/gqrdw/c101507/202312/871bab83588846f1ae6f034e47cf265c.shtml
对深圳市认定机构2023年认定报备的第三批高新技术企业进行备案的公告,/gqrdw/c101466/202312/f274ba3a430441f28fc972d873c38323.shtml
对上海市认定机构2023年认定报备的第一批高新技术企业进行备案的公告,/gqrdw/c101452/202312/a41fa628f9164bf69739b32f0fca130a.shtml
对河南省认定机构2023年认定报备的第二批高新技术企业拟进行备案的公示,/gqrdw/c101426/202312/cabdf1ed40ab49f9b29c361b6f77886f.shtml
对山西省认定机构2023年认定报备的第二、三批高新技术企业拟进行备案的公示,/gqrdw/c101410/202312/ba9d6eea35094a599e427fec52c581c5.shtml
对广西壮族自治区认定机构2023年认定报备的第二批高新技术企业拟进行备案的...,/gqrdw/c101431/202311/4bd62f56fcd74c7796c3927ece8a034b.shtml
甘肃省认定机构：关于甘肃省2023年度第六批更名高新技术企业名单的公告,/gqrdw/c101518/202312/bb0d5b1f749c44c6b8726fc02a83051b.shtml
江西省认定机构：关于江西省2023年第七批高新技术企业更名的公告,/gqrdw/c101502/202312/3859b1da38e2401686ae9d63e1e5bcaf.shtml
山东省认定机构：山东省科学技术厅 山东省财政厅 国家税务总局山东省税务局...,/gqrdw/c101503/202312/7032b0fd825f4c1fba930a07530f4547.shtml
山东省认定机构：山东省科学技术厅 山东省财政厅 国家税务总局山东省税务局...,/gqrdw/c101503/202312/2e589f2f8eb54579b6cde4f650f36682.shtml
对西藏自治区认定机构2023年认定报备的第二批高新技术企业拟进行备案的公示,/gqrdw/c101437/202312/6ab5f68c53b5406083acb6c29ed42a2a.shtml
对厦门市认定机构2023年认定报备的第二批高新技术企业拟进行备案的公示,/gqrdw/c101422/202312/3c2635ab3ab247e197dac1a7d5237ddf.shtml
对新疆维吾尔自治区认定机构2023年认定报备的第三批高新技术企业拟进行备案...,/gqrdw/c101442/202312/7f2eaf6b3de74f5d945e8f182d39d2f2.shtml
宁波市认定机构：关于宁波市2023年第一批异地整体搬迁高新技术企业资格继续...,/gqrdw/c101570/202312/63751b901f4745498d850aebf4c9077f.shtml
对山东省认定机构2023年认定报备的第三批高新技术企业拟进行备案的公示,/gqrdw/c101424/202312/62a00f4efb0f410a8aea6715c2a181f2.shtml
对山东省认定机构2023年认定报备的第二批高新技术企业拟进行备案的公示,/gqrdw/c101424/202312/c3540c7861004342bc050d1903258b6f.shtml
对安徽省认定机构2023年认定报备的第三批高新技术企业拟进行备案的公示,/gqrdw/c101420/202312/ce09401f2d284b428b1364a5bc72f960.shtml
对青岛市认定机构2023年认定报备的第三批高新技术企业拟进行备案的公示,/gqrdw/c101425/202312/2bbe54a52d4d4b66b5d9ada4de3b8c1c.shtml
广东省认定机构：关于取消广州空杯子信息科技有限公司等12家企业高新技术企...,/gqrdw/c101544/202312/bb96cf65cf6340dbb49b80af720b6850.shtml
浙江省认定机构：关于取消杭州秦电能源科技有限公司等 14 家企业高新技术企...,/gqrdw/c101533/202312/27b57bb661ad4a5491493877ea632b62.shtml
厦门市认定机构：关于取消厦门翔通信息科技有限公司等24家企业高新技术企业...,/gqrdw/c101537/202312/5ef03480c460493b889ec7398edd49da.shtml
对内蒙古自治区认定机构2023年认定报备的第三批高新技术企业拟进行备案的公...,/gqrdw/c101411/202312/01ac165c1d7e422fab934849b57d6fe8.shtml
对湖北省认定机构2023年认定报备的第四批高新技术企业进行备案的公告,/gqrdw/c101463/202312/03f77abe3f3e421098fed26dc8ab7769.shtml
四川省认定机构：关于中科星图亿水（四川）科技有限公司等2家高新技术企业资...,/gqrdw/c101585/202312/97b3e28543c54948b41c263b7e7878a8.shtml
北京市认定机构：北京市科学技术委员会、中关村科技园区管理委员会 北京市财...,/gqrdw/c101486/202312/1f018e5ea770452f8d8186b0ce6ce291.shtml
对黑龙江省认定机构2023年认定报备的第三批高新技术企业进行备案的公告,/gqrdw/c101451/202312/59d629a17b6644b98533517882fe9d29.shtml
对河北省认定机构2023年认定报备的第二批高新技术企业进行备案的公告,/gqrdw/c101445/202312/8e9478f5ee3e4e13936c5dc7e8eb19a7.shtml
上海市认定机构：关于公布上海市2023年度第三批高新技术企业更名名单的通知,/gqrdw/c101495/202312/749ee71d9b454ecd82c0e8fbda932818.shtml
对青海省认定机构2023年认定报备的第一批高新技术企业进行备案的公告,/gqrdw/c101476/202312/a2ee4c86265046a6865c9053b655a27b.shtml
上海市认定机构：关于2023年度上海市第四批完成异地搬迁高新技术企业的公告,/gqrdw/c101567/202312/3f564b560e1146c88fc29804b94c188e.shtml
上海市认定机构：关于2023年度上海市第三批完成异地搬迁高新技术企业的公告,/gqrdw/c101567/202312/a9f2320507d54e8a8e48fa69ea858134.shtml
对广西壮族自治区认定机构2023年认定报备的第一批高新技术企业拟进行备案的...,/gqrdw/c101431/202312/a37003432012403f8d20f956ae652e9a.shtml
对宁夏回族自治区认定机构2023年认定报备的第二批高新技术企业拟进行备案的...,/gqrdw/c101441/202312/9b19d2803444498fa635f4fe6c8896e0.shtml
对河北省认定机构2023年认定报备的第三批高新技术企业拟进行备案的公示,/gqrdw/c101409/202312/27f91c4d983e40b18dc055a41ef4e4d9.shtml
安徽省认定机构：关于安徽省2023年第三批完成异地整体搬迁高新技术企业的公...,/gqrdw/c101571/202312/17b43785741d47bf968a92696d39eaa3.shtml
安徽省认定机构：关于安徽省 2023 年第三批更名高新技术企业名单的公告,/gqrdw/c101499/202312/f7bd23e6be8c40cd98787523411fbbbd.shtml
对云南省认定机构2023年认定报备的第二批高新技术企业拟进行备案的公示,/gqrdw/c101436/202312/942c6c70435647bd8ff809db31f97d88.shtml
河南省认定机构：关于公布河南省2023年第三批更名高新技术企业名单的通知,/gqrdw/c101505/202312/af3f39d6f7de45d4a1f6fa6d8581509e.shtml
河南省认定机构：关于公布河南省2023年第二批更名高新技术企业名单的通知,/gqrdw/c101505/202312/acfa695f8b0d4a5b9473fccb10c509b5.shtml
对内蒙古自治区认定机构2023年认定报备的第二批高新技术企业进行备案的公告,/gqrdw/c101447/202311/c539667b078146d08763ec8de12399e8.shtml
对新疆维吾尔自治区认定机构2023年认定报备的第二批高新技术企业进行备案的...,/gqrdw/c101478/202311/55cf72bc3daf4bea9b8d3b3be1ba3591.shtml
对新疆维吾尔自治区认定机构2023年认定报备的第二批高新技术企业进行备案的...,/gqrdw/c101478/202311/e93975e16376424d94204aea2c7131ba.shtml
对西藏自治区认定机构2023年认定报备的第一批高新技术企业拟进行备案的公示,/gqrdw/c101437/202311/9659ae2d466c4e768fbb9c7e1e2d1926.shtml
对北京市认定机构2023年认定报备的第三批高新技术企业拟进行备案的公示,/gqrdw/c101407/202311/9926a9bca22f4b56b3ac8027e48d47ea.shtml
对北京市认定机构2023年认定报备的第四批集成电路等领域政策试点高新技术企...,/gqrdw/c101407/202311/f422022479064b098b806b024f8731e0.shtml
对安徽省认定机构2023年认定报备的第二批高新技术企业拟进行备案的公示,/gqrdw/c101420/202311/e3fe3b0bc2fe4399b9797b08122b32b8.shtml
对辽宁省认定机构2023年认定报备的第一批高新技术企业拟进行备案的公示,/gqrdw/c101412/202311/832043bfec9f4098ad710d41e2a6cc05.shtml
对吉林省认定机构2023年认定报备的第二批高新技术企业拟进行备案的公示,/gqrdw/c101414/202311/bb124f781b8b481180f9e7799d79ea4b.shtml
对陕西省认定机构2023年认定报备的第二批高新技术企业拟进行备案的公示,/gqrdw/c101438/202311/aa995bfca75144fba196720f32b924e0.shtml
对陕西省认定机构2023年认定报备的第一批高新技术企业拟进行备案的公示,/gqrdw/c101438/202311/3d4b32d5c73248cc8bfca0ea61351b84.shtml
对青岛市认定机构2023年认定报备的第二批高新技术企业拟进行备案的公示,/gqrdw/c101425/202311/c2ca7c2bfda94bbb9413138fcd5b2cb8.shtml
对青岛市认定机构2023年认定报备的第一批高新技术企业进行备案的公告,/gqrdw/c101461/202311/27a4e183e2f24fb093dded228578f7ad.shtml
对山东省认定机构2023年认定报备的第一批高新技术企业拟进行备案的公示,/gqrdw/c101424/202311/bebfc0f1c6a447b9b8b822e31179ba9e.shtml
厦门市认定机构：关于厦门市2023年第二批完成异地搬迁高新技术企业的公告,/gqrdw/c101573/202311/05439be0882f438e907648f8ca10bc8e.shtml
青岛市认定机构：关于取消原青岛海易通数字科技有限公司2015年高新技术企业...,/gqrdw/c101540/202311/6eb3744fb38b4b3090d1f2da2b1f4d9b.shtml
江苏省认定机构：关于取消南京长牛网络有限公司等高新技术企业资格的公告,/gqrdw/c101532/202311/0f51c6ee9de540f2b365603396c9af3b.shtml
江苏省认定机构：关于无锡市前讯科技有限公司等高新技术企业资格继续有效的...,/gqrdw/c101568/202311/a218bdf018d54cbbb4cf7060b796883b.shtml
北京市认定机构：北京市关于2023年第三批完成异地搬迁高新技术企业的公告,/gqrdw/c101558/202311/3be1f87af2124df7ae8727a5e38f79aa.shtml
陕西省认定机构：关于陕西省2023年第七批更名高新技术企业名单的公告,/gqrdw/c101517/202311/b8bcdd7cf9c74cc1b7b7f8e8f69bd87f.shtml
对江苏省认定机构2023年认定报备的第一批高新技术企业进行备案的公告,/gqrdw/c101453/202311/1ffeeb2e512f468ea7a5dd1c99177aff.shtml
对山西省认定机构2023年认定报备的第一批高新技术企业进行备案的公告,/gqrdw/c101446/202311/e1d7935364264e4295505059cfd1ab4d.shtml
对云南省认定机构2023年认定报备的第一批高新技术企业进行备案的公告,/gqrdw/c101472/202311/38db0732b89b44f59ee5bc6c19b22813.shtml
对天津市认定机构2023年认定报备的第一批高新技术企业进行备案的公告,/gqrdw/c101444/202311/b216deb3a2f546368e8db8740e63bcc0.shtml
上海市认定机构：关于公告2023年度上海市第二批撤销高新技术企业资格的通知,/gqrdw/c101531/202311/5a26537a1d174fabb757a26dbbae77d0.shtml
江苏省认定机构：关于取消江阴顺仁科技有限公司等高新技术企业资格的公告,/gqrdw/c101532/202311/1b3f6b52089a4f3ba5950f8abf55230e.shtml
宁夏回族自治区认定机构：关于取消宁夏天地重型装备科技有限公司等2家企业高...,/gqrdw/c101556/202311/0215f0e0a15140379cb0a3d45bdc8bf5.shtml
广东省认定机构：关于广东省2023年第七批完成异地搬迁高新技术企业的公告,/gqrdw/c101580/202311/e306b7c392f445bb858c34314f261a8c.shtml
广东省认定机构：关于广东省2023年第七批高新技术企业更名的公告,/gqrdw/c101508/202311/1482c4aa258144499383fae2829bebcb.shtml
对重庆市认定机构2023年认定报备的第二批高新技术企业拟进行备案的公示,/gqrdw/c101433/202311/e7af903f60074bbca16e00ca599aa427.shtml
对厦门市认定机构2023年认定报备的第一批高新技术企业拟进行备案的公示,/gqrdw/c101422/202311/b67b791e22a748d1a33ddab508c6750e.shtml
吉林省认定机构：吉林省关于取消长春市宏渤文化传媒有限公司等6家企业高新技...,/gqrdw/c101529/202311/9ba8d49d45574822a4b5fbe9ffa80e3e.shtml
对江西省认定机构2023年认定报备的第一批高新技术企业拟进行备案的公示,/gqrdw/c101423/202311/cd62d2ee7f9f4ead8e1393f40e2d1eee.shtml
对河南省认定机构2023年认定报备的第一批高新技术企业拟进行备案的公示,/gqrdw/c101426/202311/878519167de94603928cd72420848f53.shtml
广东省认定机构：关于取消富美斯（广州）电子有限公司等32家企业高新技术企...,/gqrdw/c101544/202311/28cab20d10854a78b08c8070aa8c0b69.shtml
对深圳市认定机构2023年认定报备的第三批高新技术企业拟进行备案的公示,/gqrdw/c101430/202311/98c05d7b7e69430cab78b948b9d979a9.shtml
对上海市认定机构2023年认定报备的第一批高新技术企业拟进行备案的公示,/gqrdw/c101416/202311/7152eea788774bd988fd07d0427284cf.shtml
对海南省认定机构2023年认定报备的第一批高新技术企业拟进行备案的公示,/gqrdw/c101432/202311/934c078e28b14331b3872934bac294c6.shtml
对黑龙江省认定机构2023年认定报备的第三批高新技术企业拟进行备案的公示,/gqrdw/c101415/202311/9bd9ca7f58c94f39854653ad37d21abb.shtml
对北京市认定机构2023年认定报备的第二批高新技术企业进行备案的公告,/gqrdw/c101443/202311/59395ec354974b808a7d0b0eceec931f.shtml
对黑龙江省认定机构2023年认定报备的第二批高新技术企业进行备案的公告,/gqrdw/c101451/202311/6232ca8a8aa6446c9ef817bb8b7ccb72.shtml
对内蒙古自治区认定机构2023年认定报备的第一批高新技术企业进行备案的公告,/gqrdw/c101447/202311/54fc42dd664b4e0289e0dacb3e57a62a.shtml
对青海省认定机构2023年认定报备的第一批高新技术企业拟进行备案的公示,/gqrdw/c101440/202311/eb22e79da9d7411ebbc968311c4e08e9.shtml
对湖北省认定机构2023年认定报备的第三批高新技术企业进行备案的公告,/gqrdw/c101463/202311/d51e15fcf1864837805e229277472894.shtml
对湖北省认定机构2023年认定报备的第四批高新技术企业拟进行备案的公示,/gqrdw/c101427/202311/46d15201b2084bbd9e8abb65fa9720bd.shtml
对河北省认定机构2023年认定报备的第二批高新技术企业拟进行备案的公示,/gqrdw/c101409/202311/b47dde33281d411883574f76d27c4680.shtml
西藏自治区认定机构：关于西藏自治区2023年第一批完成异地搬迁高新技术企业...,/gqrdw/c101588/202311/ff3832fd3c714c66b9ae464724d4ff58.shtml
西藏自治区认定机构：关于西藏自治区2023年第一批高新技术企业更名的公告,/gqrdw/c101516/202311/f727652d97f640e78c5b4d1bf61acd98.shtml
云南省认定机构：关于2023年度第一批取消高新技术企业资格的公告,/gqrdw/c101551/202311/5324484da39e4e52ae285aaaba40cd70.shtml
关于对北京市认定机构2023年认定报备的第三批集成电路等领域政策试点高新技...,/gqrdw/c101443/202311/6d8ca664a76f4364912d5e5b3126f798.shtml
关于对北京市认定机构2023年认定报备的第二批集成电路等领域政策试点高新技...,/gqrdw/c101443/202311/5c0390de809a470fa90a98c248261ee9.shtml
河北省认定机构：关于公布河北省2023年第四批更名（含重大变化）高新技术企...,/gqrdw/c101488/202311/8df722ff4a7e4dc9b51c21cd390cf8a6.shtml
河北省认定机构：关于天津欧莱克仪器仪表有限公司高新技术企业资格继续有效...,/gqrdw/c101560/202311/7f07c9cb98694ec68435c1eba0fcacd7.shtml
河北省认定机构：关于取消河北鑫达钢铁集团有限公司等2家企业高新技术企业资...,/gqrdw/c101524/202311/74f036436ded45e6bf61172d52163ade.shtml
青海省认定机构：关于青海省取消青海星航测绘有限公司等2家高新技术企业资格...,/gqrdw/c101555/202311/82c81e5145bd43778cfa64110441b56d.shtml
陕西省认定机构：关于陕西省2023年第二批异地搬迁高新技术企业名单的公告,/gqrdw/c101589/202311/a2564a7e6cdf4dcd8981155e4fe7d862.shtml
海南省认定机构：关于同意墣锦环境工程（海南）有限公司等12家高新技术企业...,/gqrdw/c101511/202311/7f34871be3594c7a82111a45717821b5.shtml
黑龙江省认定机构：关于黑龙江省2023年第二批完成异地搬迁高新技术企业的公...,/gqrdw/c101566/202311/d2543c490e3c4581bd4104e13e21cc1b.shtml
天津市认定机构：天津市关于2023年第二批完成异地搬迁高新技术企业的公告,/gqrdw/c101559/202311/c275cac7e3d84a3fa89e34d9a51b53ac.shtml
对四川省认定机构2023年认定报备的第一批高新技术企业进行备案的公告,/gqrdw/c101470/202311/a14b4fff68524b06a44ec947666b3702.shtml
对青岛市认定机构2023年认定报备的第一批 高新技术企业拟进行备案的公示,/gqrdw/c101425/202311/22fbdbc1b8c144e2a35a93642c00d716.shtml
对内蒙古自治区认定机构2023年认定报备的第二批高新技术企业拟进行备案的公...,/gqrdw/c101411/202311/2bd9cfa90c0f4242a635c2a1aafaf4e0.shtml
对新疆维吾尔自治区认定机构2023年认定报备的第二批高新技术企业拟进行备案...,/gqrdw/c101442/202311/f998f2436f194cbaa2a90a1cbc91996a.shtml
江苏省认定机构：关于同意江苏省2023年第十批高新技术企业更名的公告,/gqrdw/c101496/202311/db9d950ed6bb42d89d59f73138bc1ca1.shtml
江苏省认定机构：关于同意江苏省2023年第九批高新技术企业更名的公告,/gqrdw/c101496/202311/e15de85c9c504082bc6b75afae58b775.shtml
对北京市认定机构2023年认定报备的第一批高新技术企业进行备案的公告,/gqrdw/c101443/202311/cf33e4c358f24e9491a01f765a760383.shtml
对安徽省认定机构2023年认定报备的第一批高新技术企业进行备案的公告,/gqrdw/c101456/202311/2a6f697948e74853a41883539cdc5a2e.shtml
对深圳市认定机构2023年认定报备的第一批高新技术企业进行备案的公告,/gqrdw/c101466/202311/38ed4174b3f04d5cbd0a7ea7d820d543.shtml
对深圳市认定机构2023年认定报备的第二批高新技术企业进行备案的公告,/gqrdw/c101466/202311/fff07c65e5fe4c42bfcdabe69a80536c.shtml
对新疆维吾尔自治区认定机构2023年认定报备的第一批高新技术企业进行备案的...,/gqrdw/c101478/202311/cbabdac08aa143c68e53d782b7e416c3.shtml
对甘肃省认定机构2023年认定报备的第二批高新技术企业进行备案的公告,/gqrdw/c101475/202311/cdb13b50a21941389543d1d7d00bb094.shtml
对甘肃省认定机构2023年认定报备的第一批高新技术企业进行备案的公告,/gqrdw/c101475/202311/6012bc18eb6f426b9e77d07e0ab5a324.shtml
对吉林省认定机构2023年认定报备的第一批高新技术企业进行备案的公告,/gqrdw/c101450/202311/9d0b4d40a036463bb7be9726a552d8d3.shtml
对重庆市认定机构2023年认定报备的第一批高新技术企业进行备案的公告,/gqrdw/c101469/202311/04a6853fab804f58a34dd02a9fbf009b.shtml
关于对北京市认定机构2023年认定报备的第一批集成电路等领域政策试点高新技...,/gqrdw/c101443/202311/8a51d0964d1a4dbd9d98f1460e3b0e0a.shtml
对云南省认定机构2023年认定报备的第一批高新技术企业拟进行备案的公示,/gqrdw/c101436/202311/5bd7f3db699344e593669f015664f868.shtml
对江苏省认定机构2023年认定报备的第一批高新技术企业拟进行备案的公示,/gqrdw/c101417/202311/536c4190b86848528bed20bba2658b97.shtml
对宁夏回族自治区认定机构2023年认定报备的第一批高新技术企业进行备案的公...,/gqrdw/c101477/202311/230dcad627314448ad83042ff1ce4cc3.shtml
对湖北省认定机构2023年认定报备的第二批高新技术企业进行备案的公告,/gqrdw/c101463/202311/a20ad8d720a2417f857abdcdc87e6500.shtml
对天津市认定机构2023年认定报备的第一批高新技术企业拟进行备案的公示,/gqrdw/c101408/202311/a27552d94ffb4b7d85416a6976166bae.shtml
对山西省认定机构2023年认定报备的第一批高新技术企业拟进行备案的公示,/gqrdw/c101410/202311/66bd96e717bb446daa075b0cb0dcf074.shtml
对湖北省认定机构2023年认定报备的第一批高新技术企业进行备案的公告,/gqrdw/c101463/202311/799675d81495413cb20be5104bab4cde.shtml
对湖南省认定机构2023年认定报备的第一批高新技术企业进行备案的公告,/gqrdw/c101464/202311/8552106d09a74f7a88e32618ee19ae74.shtml
对河北省认定机构2023年认定报备的第一批高新技术企业进行备案的公告,/gqrdw/c101445/202311/c79207d78dac49a8bd5d9207f95132cf.shtml
厦门市认定机构：关于厦门市2023年第五批高新技术企业更名的公告,/gqrdw/c101501/202311/5c13ac8c3d504223895d5c1fa85d26c5.shtml
北京市认定机构：北京市科学技术委员会、中关村科技园区管理委员会 北京市财...,/gqrdw/c101486/202311/60a38771405347c3b84998dd2f54e0ba.shtml
对黑龙江省认定机构2023年认定报备的第一批高新技术企业进行备案的公告,/gqrdw/c101451/202311/2c4e05475d2446348decbe7ac719c383.shtml
天津市认定机构：关于天津市2023年第二批高新技术企业更名的公告,/gqrdw/c101487/202311/8e951a547758458d8819b41a8f59a33a.shtml
山东省认定机构：关于临沂周之科技开发有限公司等21家高新技术企业资格继续...,/gqrdw/c101575/202310/533a8fd730e942478b7013c57fdd1eae.shtml
山东省认定机构：关于水发物联科技有限公司等68家高新技术企业资格继续有效...,/gqrdw/c101575/202310/557aab392b6642088f6962be69aaa573.shtml
贵州省认定机构：关于贵州省2023年高新技术企业更名（第四批）的公告,/gqrdw/c101514/202310/e1e0ad7151aa41beb95929092da39adb.shtml
对黑龙江省认定机构2023年认定报备的第二批高新技术企业拟进行备案的公示,/gqrdw/c101415/202310/19394f9ffea74422850d20627ab18458.shtml
对湖北省认定机构2023年认定报备的第三批高新技术企业拟进行备案的公示,/gqrdw/c101427/202310/7e088417f6324952ba1319e4b0bc9ca7.shtml
对北京市认定机构2023年认定报备的第三批集成电路等领域政策试点高新技术企...,/gqrdw/c101407/202310/0894810a2e5748db8fb9d8aa79846d58.shtml
对内蒙古自治区认定机构2023年认定报备的第一批高新技术企业拟进行备案的公...,/gqrdw/c101411/202310/1cb9cc2d0b1540fa8047a175b52638e8.shtml
对北京市认定机构2023年认定报备的第二批集成电路等领域政策试点高新技术企...,/gqrdw/c101407/202310/dd78c89810924b8abc2085af86b129e0.shtml
对北京市认定机构2023年认定报备的第二批高新技术企业拟进行备案的公示,/gqrdw/c101407/202310/c843c1687b9f444b8de43afd176479ce.shtml
贵州省认定机构：关于贵州省取消13家企业高新技术企业资格的公告,/gqrdw/c101550/202310/f4350aa87cdf419894d213b417c8fa35.shtml
北京市认定机构：北京市关于2023年第二批完成异地搬迁高新技术企业的公告,/gqrdw/c101558/202310/6d769dd355d74ede90319f1e6a806e76.shtml
陕西省认定机构：关于陕西省2023年第六批更名高新技术企业名单的公告,/gqrdw/c101517/202310/ffb2c94c414d48fbae45bc9ca6a2245e.shtml
湖北省认定机构：关于2023年第二批完成异地搬迁高新技术企业的公告,/gqrdw/c101578/202310/d5c6edc27971413482915f17f202a96b.shtml
湖北省认定机构：关于2023年第二批高新技术企业更名的公告,/gqrdw/c101506/202310/4f96818523a0441f8856a58f6c20dfde.shtml
对湖北省认定机构2023年认定报备的第一批高新技术企业拟进行备案的公示,/gqrdw/c101427/202310/940132b416bf4ac68a5a3bd0ae6b192f.shtml
对河北省认定机构2023年认定报备的第一批高新技术企业拟进行备案的公示,/gqrdw/c101409/202310/115ec52105dd402cbf32e975954fcc8f.shtml
对宁夏回族自治区认定机构2023年认定报备的第一批高新技术企业拟进行备案的...,/gqrdw/c101441/202310/53529a707ee54dffafbd77648f4142c8.shtml
对湖南省认定机构2023年认定报备的第一批高新技术企业拟进行备案的公示,/gqrdw/c101428/202310/34890954e71040a3a286c6dffc99d513.shtml
对四川省认定机构2023年认定报备的第一批高新技术企业拟进行备案的公示,/gqrdw/c101434/202310/cc174afee27e44899789ccec7a1dfb8c.shtml
对安徽省认定机构2023年认定报备的第一批高新技术企业拟进行备案的公示,/gqrdw/c101420/202310/a8d85fd7950947e396d1ed5071ca91c0.shtml
对吉林省认定机构2023年认定报备的第一批高新技术企业拟进行备案的公示,/gqrdw/c101414/202310/049e0cb055ad4bcab36220ae2cff3b8d.shtml
对深圳市认定机构2023年认定报备的第二批高新技术企业拟进行备案的公示,/gqrdw/c101430/202310/bc3bf140b10c484e94f0cee5b3765a57.shtml
对深圳市认定机构2023年认定报备的第一批高新技术企业拟进行备案的公示,/gqrdw/c101430/202310/861e2404d94a4ef5be9b5e22b7d81b44.shtml
对新疆维吾尔自治区认定机构2023年认定报备的第一批高新技术企业拟进行备案...,/gqrdw/c101442/202310/c5833a26c1384beea2c619465b154b76.shtml
对甘肃省认定机构2023年认定报备的第二批高新技术企业拟进行备案的公示,/gqrdw/c101439/202310/a98120578a5b4e19a6eac11186b1a7d5.shtml
对甘肃省认定机构2023年认定报备的第一批高新技术企业拟进行备案的公示,/gqrdw/c101439/202310/b00f0b81a9e64998b2858114165147b5.shtml
对重庆市认定机构2023年认定报备的第一批高新技术企业拟进行备案的公示,/gqrdw/c101433/202310/7011b8c34633444d8321a1cd6bf28711.shtml
对湖北省认定机构2023年认定报备的第二批高新技术企业拟进行备案的公示,/gqrdw/c101427/202310/260a9cac0fd340e0989ccc672169e76a.shtml
对北京市认定机构2023年认定报备的第一批集成电路等领域政策试点高新技术企...,/gqrdw/c101407/202310/d2ae0285db1a499cab22008bfe28080f.shtml
对黑龙江省认定机构2023年认定报备的第一批高新技术企业拟进行备案的公示,/gqrdw/c101415/202310/e07c59a1fe5d4f5eaab9620f9d10c719.shtml
安徽省认定机构：关于取消安徽圣鹰药业有限公司等30家企业高新技术企业资格...,/gqrdw/c101535/202310/ff5a50338ba44b1e9d1b3cf411c5fa2f.shtml
安徽省认定机构：关于安徽省2023年第二批完成异地整体搬迁高新技术企业的公...,/gqrdw/c101571/202310/50ebcf4272984f20be464138501e5ee5.shtml
湖南省认定机构：关于取消湖南服装厂有限责任公司等18家企业高新技术企业资...,/gqrdw/c101543/202310/d8a3b71886b04fff868ccc0fa65aa387.shtml
贵州省认定机构：关于贵州省取消贵州优泰科技有限公司高新技术企业资格的公...,/gqrdw/c101550/202310/95a0467f5e4845eca9f52a826e7f2e0a.shtml
对北京市认定机构2023年认定报备的第一批高新技术企业拟进行备案的公示,/gqrdw/c101407/202310/8c93c599ab8444fc90934064b8d0117c.shtml
广东省认定机构：关于广东省2023年第六批高新技术企业更名的公告,/gqrdw/c101508/202310/0dd7f346b8724e63b9fc619c83851d71.shtml
广东省认定机构：关于广东省2023年第六批完成异地搬迁高新技术企业的公告,/gqrdw/c101580/202310/c11ff1b547324fbe9ac6e75609c82aa2.shtml
四川省认定机构：关于成都交投信息科技有限公司高新技术企业资格继续有效的...,/gqrdw/c101585/202310/c34a64b78b9e41d0bd5c3dcec57d06b1.shtml
山西省认定机构：关于2023年第四批高新技术企业更名的公告,/gqrdw/c101489/202310/e58a3dff6f314e87ad9718f39a7c891e.shtml
甘肃省认定机构：关于甘肃省2023年度第五批更名高新技术企业名单的公告,/gqrdw/c101518/202310/6f6bf287e07f46f8b4371469d420c558.shtml
深圳市认定机构：关于2023年第一批高新技术企业异地搬迁的公告,/gqrdw/c101581/202310/cf41b04b1fdf4197afd05999fb88c506.shtml
青岛市认定机构：关于青岛市2023年第四批高新技术企业更名的公告,/gqrdw/c101504/202310/75fc7b9fe0e84113b3e3ea794155d136.shtml
贵州省认定机构：关于贵州省2023年第三批高新技术企业更名的名单,/gqrdw/c101514/202310/c373df241c6148208e9a1a2f9252b6a7.shtml
吉林省认定机构：吉林省关于取消吉林省金铭朗巍彩镀科技有限公司等23家企业...,/gqrdw/c101529/202310/60b98abd0ee946b79f2a07b2a0a3be15.shtml
青岛市认定机构：关于青岛百浪智能装备有限公司等3家高新技术企业资格继续有...,/gqrdw/c101576/202309/d0ca5f66b67b462d8923f145500afb2d.shtml
重庆市认定机构：重庆市高新技术企业认定管理机构关于取消重庆山顿科技有限...,/gqrdw/c101548/202309/2fd8667cd04649c79b7fa982dfe3e0bd.shtml
辽宁省认定机构：关于取消辽宁省东煤测试分析研究院等13家企业高新技术企业...,/gqrdw/c101527/202309/c296d017cf8049c6b733d300595df460.shtml
江苏省认定机构：关于撤销南京泽宇盛世科技有限公司高新技术企业资格继续有...,/gqrdw/c101532/202309/bd06c255caae4293ab1647b89c6928fa.shtml
江西省认定机构：关于江西省2023年第六批高新技术企业更名的公告,/gqrdw/c101502/202309/ed94f7a05f4b4df7a5a682bb8ca32264.shtml
上海市认定机构：关于公布上海市2023年度第二批高新技术企业更名名单的通知,/gqrdw/c101495/202309/4999a5a3fd81435396394290bdb17001.shtml
上海市认定机构：关于公布上海市2023年度第一批高新技术企业更名名单的通知,/gqrdw/c101495/202309/603e079749da44609ac60ebf83e7f15f.shtml
江西省认定机构：关于江西省2023年第三批完成异地整体搬迁高新技术企业资格...,/gqrdw/c101574/202309/84c0460afc1b4966aa88468f414b6b50.shtml
辽宁省认定机构：关于辽宁省2023年第一批完成异地搬迁高新技术企业的公告,/gqrdw/c101563/202309/67157b72aff544c1b485004602b80276.shtml
江苏省认定机构：关于南京道图信息技术有限公司等高新技术企业资格继续有效...,/gqrdw/c101568/202309/89312d1e48a64b46841d15e5ad2a8a8e.shtml
湖南省认定机构：关于湖南省2023年第一批完成易地搬迁高新技术企业的公告,/gqrdw/c101579/202309/ad349caf3cb94e34979f7cb7f67e6b82.shtml
四川省认定机构：关于撤销四川蓝本数字建造科技有限公司2021年高新技术企业...,/gqrdw/c101549/202309/70e5e9a9d0264ff7a69f8d385a305a73.shtml
陕西省认定机构：关于陕西省2023年第五批更名高新技术企业名单的公告,/gqrdw/c101517/202309/181c31d5d33f496886d5826a73828ceb.shtml
广东省认定机构：关于取消广州市唯量工控技术有限公司等5家企业高新技术企业...,/gqrdw/c101544/202309/d924ed88a74d4cef9075a7aaf44ba71e.shtml
湖南省认定机构：关于湖南省2023年第三批高新技术企业更名（含重大变化）的...,/gqrdw/c101507/202309/1628bf8cfdae4d6e9e2fadc12abbe664.shtml
重庆市认定机构：关于重庆市2023年第二批高新技术企业更名通过企业的公告,/gqrdw/c101512/202309/ed45d33bdd8f4154a5a15782fb1879f3.shtml
江苏省认定机构：关于同意江苏省2023年第八批高新技术企业更名的公告,/gqrdw/c101496/202309/aaac2106e0e7496b891b456fa34fa8ee.shtml
江苏省认定机构：关于常州迁帆科技有限公司等高新技术企业资格继续有效的公...,/gqrdw/c101568/202309/d946445983cb4fd4a77ae25535e4f844.shtml
北京市认定机构：北京市科学技术委员会、中关村科技园区管理委员会 北京市财...,/gqrdw/c101486/202309/81b3cf92273a4bd8a5011f1809ce2e55.shtml
山西省认定机构：山西省科学技术厅 山西省财政厅 国家税务总局山西省税务局...,/gqrdw/c101525/202309/e340a6160b9742f2aecac73841f5fb0c.shtml
山西省认定机构：山西省科学技术厅 山西省财政厅 国家税务总局山西省税务局...,/gqrdw/c101489/202309/6449951d6a9d4124a479a110836c02d0.shtml
广东省认定机构：关于取消广州爱动网络科技有限公司等22家企业高新技术企业...,/gqrdw/c101544/202309/7e6d9ddceecb44469961ef492914a5b9.shtml
湖北省认定机构：关于取消湖北省精量建设工程质量检测有限公司等47家高新技...,/gqrdw/c101542/202309/93d67ec4a4924d83bcb78be0ce7d5f71.shtml
河北省认定机构：关于公布河北省2023年第三批更名高新技术企业的通知,/gqrdw/c101488/202308/bab9e9783b204ab4866db15dddacba8c.shtml
厦门市认定机构：关于厦门市2023年第四批高新技术企业更名的公告,/gqrdw/c101501/202308/1595e200aa014e1b8e86b64437231a49.shtml
宁夏回族自治区认定机构：关于取消宁夏回族自治区电力设计院有限公司等2家企...,/gqrdw/c101556/202308/139845be25434588a722f4eca1af947a.shtml
广东省认定机构：关于广东省2023年第五批高新技术企业更名的公告,/gqrdw/c101508/202308/f789bdec0c99430c8d5eb05ea3bb9745.shtml
陕西省认定机构：关于陕西省2023年第四批更名高新技术企业名单的公告,/gqrdw/c101517/202308/d86899c85bcf4dce8c8737b001d8a092.shtml
江苏省认定机构：关于取消南京肯仑电子科技有限公司等高新技术企业资格的公...,/gqrdw/c101532/202308/d4507869e0df4100bd5f43ece51df1eb.shtml
重庆市认定机构：重庆市关于2023年第二批完成异地搬迁高新技术企业的公告,/gqrdw/c101584/202308/ae2f4b6042944e409c7d8eaea4a4efef.shtml
天津市认定机构：天津市关于2023年第一批完成异地搬迁高新技术企业的公告,/gqrdw/c101559/202308/9d902ab2cb27409592ad401057efd829.shtml
天津市认定机构：天津市关于2023年第一批完成异地搬迁高新技术企业的公告,/gqrdw/c101559/202308/d98b752265924588a5b2edb1dc6014b6.shtml
广东省认定机构：关于广东省2023年第五批完成异地搬迁高新技术企业的公告,/gqrdw/c101580/202308/3d2006881c2b4313b82fda5a1f1c94fc.shtml
甘肃省认定机构：关于取消兰州卓凡电子科技有限公司等2家高新技术企业资格的...,/gqrdw/c101554/202308/14098884de214a62a77483a58db7111f.shtml
厦门市认定机构：关于厦门市2023年第一批完成异地搬迁高新技术企业的公告,/gqrdw/c101573/202308/36772be86788495698039a94ecf2df1e.shtml
黑龙江省认定机构：关于黑龙江省2023年第二批高新技术企业更名的公告,/gqrdw/c101494/202308/b17a1fd2ea4345ea89bfef37b03695e8.shtml
吉林省认定机构：吉林省关于2023年第二批高新技术企业更名的公告,/gqrdw/c101493/202308/f3553285784e425d8967a07fe2280d44.shtml
四川省认定机构：关于四川省2023年第二批高新技术企业更名通过企业的公告,/gqrdw/c101513/202308/56bb97e2b69845b58f5fd1ce53b0fb06.shtml
广东省认定机构：关于广东省2023年第四批完成异地搬迁高新技术企业的公告,/gqrdw/c101580/202308/64eb4b0a57984f36b36320346ec39e76.shtml
江西省认定机构：关于江西省2023年第五批高新技术企业更名的公告,/gqrdw/c101502/202308/63a3ad58ab8f46758f48833d597e239a.shtml
广东省认定机构：关于广东省2023年第四批高新技术企业更名的公告,/gqrdw/c101508/202308/c3d764cacb864bcea2301a4c78d20c24.shtml
江苏省认定机构：关于同意江苏省2023年第七批高新技术企业更名的公告,/gqrdw/c101496/202308/bcd26b1856ff433789a0b8172e33135e.shtml
江苏省认定机构：关于同意江苏省2023年第六批高新技术企业更名的公告,/gqrdw/c101496/202308/1e66b1353d4b4168a34eba2fabded7da.shtml
江苏省认定机构：关于南京巧力新动科技有限公司等高新技术企业资格继续有效...,/gqrdw/c101568/202308/d9d31cddf6764fe7b12b640184c475ec.shtml
黑龙江省认定机构：关于取消哈尔滨永迈电力设备有限公司等13家企业高新技术...,/gqrdw/c101530/202308/1e5d8546d7ef47009433e26a445937e3.shtml
江苏省认定机构：关于同意江苏省2023年第五批高新技术企业更名的公告,/gqrdw/c101496/202308/259ac7041dd948eeada5f47a30802b29.shtml
青岛市认定机构：关于青岛市2023年第三批高新技术企业更名的公告,/gqrdw/c101504/202308/73e603cd3a9d432a98f8cc4153e1372e.shtml
河北省认定机构：河北省高新技术企业认定管理工作领导小组关于取消河北新运...,/gqrdw/c101524/202308/c1c204e836c646eb84c1cd6dcf49359a.shtml
厦门市认定机构：关于厦门市2023年第三批高新技术企业更名的公告,/gqrdw/c101501/202308/c7fe84a53525449082979392489c430a.shtml
上海市认定机构：关于2023年度上海市第二批完成异地搬迁高新技术企业的公告,/gqrdw/c101567/202308/2c9092c3cbdf42d6b731eb315758ca94.shtml
上海市认定机构：关于2023年度上海市第一批完成异地搬迁高新技术企业的公告,/gqrdw/c101567/202308/90106d99003745b1b94ca5d5b571c6bd.shtml
青岛市认定机构：关于取消青岛彩虹环保工程有限公司等23家企业高新技术企业...,/gqrdw/c101540/202307/423654731b9c42dfbc668a3848b34709.shtml
青岛市认定机构：关于佰年颐堂医疗科技股份有限公司等3家高新技术企业资格继...,/gqrdw/c101576/202307/8344f1a6f7f24bcab6571fe6b5a6a6c9.shtml
黑龙江省认定机构：关于黑龙江省2023年第一批完成异地搬迁高新技术企业的公...,/gqrdw/c101566/202307/761e49d526d54f98ac686e4d150f62c1.shtml
上海市认定机构：关于公告2023年度上海市第一批撤销高新技术企业资格的通知,/gqrdw/c101531/202307/850663f3f33741f7a9d3a049132e736d.shtml
江西省认定机构：关于江西省2023年第四批高新技术企业更名的公告,/gqrdw/c101502/202307/cce9e10b6eb148f8bd0241a85ef8e47d.shtml
河南省认定机构：关于公布河南省2023年第一批更名高新技术企业名单的通知,/gqrdw/c101505/202307/793bdff5c833473182392c847e2a5ebf.shtml
河南省认定机构：关于公布河南省2023年第一批更名高新技术企业名单的通知,/gqrdw/c101505/202307/981fba6ee9124f8d833971f3e26e6737.shtml
广东省认定机构：关于广东省2023年第三批高新技术企业更名的公告,/gqrdw/c101508/202307/272312ad52e5420da48467b1d705af7c.shtml
广东省认定机构：关于广东省2023年第三批完成异地搬迁高新技术企业的公告,/gqrdw/c101580/202307/71cd0e6647774eaaac4d436fdbba8ec7.shtml
湖北省认定机构：关于2023年第一批完成异地搬迁高新技术企业的公告,/gqrdw/c101578/202307/9710729cf46b4a60957c1a69dcc7da71.shtml
江苏省认定机构：关于旭奇数据技术（无锡）有限公司等高新技术企业资格继续...,/gqrdw/c101568/202307/0b47f73d67d14b4893b341bca6bb9061.shtml
安徽省认定机构：关于安徽省2023年第一批完成异地整体搬迁高新技术企业的公...,/gqrdw/c101571/202307/c4eb464c61b44bf9a75dce85698dea2d.shtml
安徽省认定机构：关于公布安徽省2023年第一批更名高新技术企业名单的通知,/gqrdw/c101499/202307/a690f9f6aa214050af0f0ed0ee3dd69e.shtml
福建省认定机构：关于公布福建省2023年度第一批异地搬迁高新技术企业名单的...,/gqrdw/c101572/202307/fffe50ef4e26472fb13a6dcb0b1b5729.shtml
河北省认定机构：关于公布河北省2023年第二批更名高新技术企业的通知,/gqrdw/c101488/202307/50db984ce4334050b56c95380d8b2cba.shtml
天津市认定机构：关于天津市2023年第一批高新技术企业更名及重大变更的公告,/gqrdw/c101487/202307/7f129f5db2ea4c729c31b7743c7ec898.shtml
江苏省认定机构：关于取消徐州高鑫惠网络信息科技有限公司等高新技术企业资...,/gqrdw/c101532/202307/2d76aec0e42e48d2aad6053e8676c9c4.shtml
江苏省认定机构：关于取消盐城市彭宇电气有限公司等高新技术企业资格的公告,/gqrdw/c101532/202307/505a40786b4649e1a2c1f13bebbad70a.shtml
江苏省认定机构：关于取消江苏淳瑞纺织科技有限公司等高新技术企业资格的公...,/gqrdw/c101532/202307/dc34bbeb3960472a806ffa6fc9f12c3e.shtml
陕西省认定机构：关于陕西省2023年第一批异地搬迁高新技术企业名单的公告,/gqrdw/c101589/202307/2a2bfc46c6ae4a1784ac179462501813.shtml
陕西省认定机构：关于陕西省2023年第三批更名高新技术企业名单的公告,/gqrdw/c101517/202307/335ac487c4b84fcfa19f7ec422e21fb4.shtml
吉林省认定机构：吉林省关于2023年第一批高新技术企业更名的公告,/gqrdw/c101493/202307/3f365e09713b48c8bb52cc8bbc58dd4f.shtml
浙江省认定机构：关于浙江省2023年第二批异地整体搬迁高新技术企业资格继续...,/gqrdw/c101569/202307/8be2694a8b4444998c98103a6241ea42.shtml
贵州省认定机构：关于贵州省2023年第二批高新技术企业更名的公告,/gqrdw/c101514/202307/942bd751ff4f4c08aa8c5e000de04d14.shtml
厦门市认定机构：关于厦门市2023年第二批高新技术企业更名的公告,/gqrdw/c101501/202307/4ec094c4100b4d5fa106d7b77f07f87e.shtml
湖北省认定机构：关于2023年第一批高新技术企业更名的公告,/gqrdw/c101506/202307/ae4249d1c27548a0b0aa1fe29a2a14cc.shtml
江苏省认定机构：关于同意江苏省2023年第四批高新技术企业更名的公告,/gqrdw/c101496/202306/e31630f896e64e89983df2f42bee5593.shtml
内蒙古自治区认定机构：关于2023年第一批高新技术企业更名的公告,/gqrdw/c101490/202306/218c6b9f778743e794492448fa1142f5.shtml
黑龙江省认定机构：关于黑龙江省2023年第一批高新技术企业更名公告,/gqrdw/c101494/202306/c6860ca567504744971fc6ea5eae227a.shtml
北京市认定机构：关于2023年第二批高新技术企业更名的公告,/gqrdw/c101486/202306/9f79cd08546d418ebaa720b19c27e357.shtml
辽宁省认定机构：关于辽宁省2023年第一批高新技术企业更名的公告,/gqrdw/c101491/202306/c495920f2b0e474dac0b6f5e094ce526.shtml
江苏省认定机构：关于取消苏州金手机器人有限公司高新技术企业资格的公告,/gqrdw/c101532/202306/c15bfe9bfb21494689930f9fea6594a5.shtml
江苏省认定机构：关于取消胜轶徳智能科技（苏州）有限公司高新技术企业资格...,/gqrdw/c101532/202306/e57cbbe0b6504d768da9e69974bd395e.shtml
江苏省认定机构：关于常州海乐瑞尔科技有限公司等高新技术企业资格继续有效...,/gqrdw/c101568/202306/d82b7535c7234803bf2fc48f423dbe8d.shtml
北京市认定机构：关于取消慧邦大成科技（北京）有限公司高新技术企业资格的...,/gqrdw/c101522/202306/e590b6713a114083b0dc9bac4aa58b5f.shtml
厦门市认定机构：关于厦门市2023年第一批高新技术企业更名的公告,/gqrdw/c101501/202306/eb250331559e4b619bd0df2b3f8f973a.shtml
广东省认定机构：关于广东省2023年第二批高新技术企业更名的公告,/gqrdw/c101508/202306/4fab9d7550ad49e1baaebd7f5ba8b9bb.shtml
广东省认定机构：关于广东省2023年第二批完成异地搬迁高新技术企业的公告,/gqrdw/c101580/202306/af6fff0f942e4e62a5e0a3e10e218e35.shtml
青岛市认定机构：关于取消山东富特能源管理股份有限公司等29家企业高新技术...,/gqrdw/c101540/202306/083eaa991ada4b5591f83bcdb5062bcf.shtml
青岛市认定机构：关于青岛市2023年第二批高新技术企业更名的公告,/gqrdw/c101504/202306/78c47c1879164989bf03102578efee7c.shtml
贵州省认定机构：关于取消10家高新技术企业资格的通知,/gqrdw/c101550/202306/fcf23e2326e44babb51fa586e4915e2c.shtml
贵州省认定机构：关于贵州省2023年高新技术企业更名（第一批）的公告,/gqrdw/c101514/202306/f1f943c65d934a4bacc4e7c2a19874c3.shtml
山西省认定机构：关于2023年山西省第二批高新技术企业更名的公告,/gqrdw/c101489/202306/26ae5ccb1e7b4a0199ea10c2fe78402c.shtml
陕西省认定机构：关于陕西省2023年第二批更名高新技术企业名单的公告,/gqrdw/c101517/202306/7c67e0890bfe4e9fac5f2d4434470845.shtml
海南省认定机构：关于海南数晟软件技术服务有限公司等8家高新技术企业资格继...,/gqrdw/c101583/202306/177b37ed0b9744dfb4eca517901a19d4.shtml
甘肃省认定机构：关于甘肃省2023年第三批更名高新技术企业名单的公告,/gqrdw/c101518/202306/df0c5936799d4e19b619e8695bff4547.shtml
江西省认定机构：关于江西省2023年第三批高新技术企业更名的公告,/gqrdw/c101502/202306/7888dd3371a64f0b8270150c6d7f20ac.shtml
四川省认定机构：关于成都动网科技有限公司高新技术企业资格继续有效的公告,/gqrdw/c101585/202306/a2ead4314d0c4bae9d2ec765d1634fe6.shtml
江西省认定机构：关于江西省2023年第二批完成异地整体搬迁高新技术企业资格...,/gqrdw/c101574/202306/f5c196da31f9480ea4e47fa85576fb07.shtml
青岛市认定机构：关于青岛绿控农业科技有限公司等3家高新技术企业资格继续有...,/gqrdw/c101576/202305/4a1ab61c7406412b94bcec4e4b611b5f.shtml
江苏省认定机构：关于天裕（无锡）装备技术有限公司等高新技术企业资格继续...,/gqrdw/c101568/202305/e1018fc2c55146d2b398895feac56548.shtml
西藏自治区认定机构：关于取消2家企业高新技术企业资格的通知,/gqrdw/c101552/202305/9c70284b7bc94a33a584eb4ea05ba8c9.shtml
西藏自治区认定机构：关于取消2家企业高新技术企业资格的通知,/gqrdw/c101552/202305/a75f7664b0ea42ababe807775c5bdf03.shtml
重庆市认定机构：关于重庆市2023年第一批高新技术企业更名通过企业的公告,/gqrdw/c101512/202305/7abc7277f4b8405ab483240e09df5732.shtml
贵州省认定机构：关于取消贵州天正会计师事务所、贵州致顺会计师事务所参与...,/gqrdw/c101622/202312/bb6edc3acbbd4931843d315c0c5ce989.shtml
重庆市认定机构：关于重庆市2023年第一批完成异地搬迁高新技术企业的公告,/gqrdw/c101584/202305/587d7450f150477ca014bd6c8ff9dd09.shtml
大连市认定机构：关于取消大连九辰科技有限公司高新技术企业资格的公告,/gqrdw/c101528/202305/bd0d6da398e44ea194630ff5d9edbbfc.shtml
关于对浙江省认定机构2022年认定的高新技术企业进行补充备案的公告,/gqrdw/c101454/202305/f569db586d7a416c897f46712394294c.shtml
江西省认定机构：关于江西省2023年第一批完成异地整体搬迁高新技术企业资格...,/gqrdw/c101574/202305/01f758f1d13b4948a8fb964f4047605c.shtml
江苏省认定机构：关于同意江苏省2023年第一批高新技术企业更名的公告,/gqrdw/c101496/202305/7788859074c34f8096cbe7c25d429516.shtml
青海省认定机构：关于取消青海省海东公路工程建设有限公司高新技术企业资格...,/gqrdw/c101555/202305/4a3bf546fcdf4308b9e2ebbc597e4111.shtml
江苏省认定机构：关于同意江苏省2023年第二批高新技术企业更名的公告,/gqrdw/c101496/202305/85f9021b98294188bd1a912009c591d0.shtml
四川省认定机构：关于四川省2023年第一批高新技术企业更名通过企业的公告,/gqrdw/c101513/202305/8ae4ccf1d9a34ac0bd924435bd16e218.shtml
四川省认定机构：关于四川省2023年第一批高新技术企业更名通过企业的公告,/gqrdw/c101513/202305/97bdb174af1147218aa63ece1c8105d7.shtml
湖北省认定机构：关于取消创驿站（武汉）科技有限公司等10家高新技术企业资...,/gqrdw/c101542/202305/ff7d87c0e83f4531a660c2ff2a42a7ed.shtml
大连市认定机构：关于取消中粮贸易（大连）农粮大数据有限公司等高新技术企...,/gqrdw/c101528/202305/f6faa4a6c80a45b69f75eb93d9ee5cba.shtml
江西省认定机构：关于江西省2023年第二批高新技术企业更名的公告,/gqrdw/c101502/202305/35f6da7a70f64f969e820c3d2364c6f6.shtml
厦门市认定机构：关于取消厦门永昱税务师事务所有限公司等6家中介机构参与高...,/gqrdw/c101609/202305/73c01eb508124b74a2a8c2c3c2e5134a.shtml
浙江省认定机构：关于浙江省2023年第一批异地整体搬迁高新技术企业资格继续...,/gqrdw/c101569/202304/ddabf1fd03bc403d851e203452e94135.shtml
吉林省认定机构：关于吉林亚联发展科技股份有限公司高新技术企业资格继续有...,/gqrdw/c101565/202304/184593c7e2cc42f6bfca154b6020961e.shtml
海南省认定机构：关于同意海南百迈科医疗科技股份有限公司等10家高新技术企...,/gqrdw/c101511/202304/e47fa352e66c42daa25f4f58fb82b187.shtml
海南省认定机构：关于取消撤销海南众向时代科技有限公司等33家企业高新技术...,/gqrdw/c101547/202304/a03b94d5dd3e4d199626c4c72e556ae7.shtml
河北省认定机构：关于公布河北省2023年第一批更名高新技术企业的通知,/gqrdw/c101488/202304/506db8bac99d4f73926c02161339e573.shtml
北京市认定机构：关于2023年第一批高新技术企业更名的公告,/gqrdw/c101486/202304/58037c6e7ce440ec94e71ce52f217b04.shtml
北京市认定机构：关于2023年第一批高新技术企业更名的公告,/gqrdw/c101486/202304/d5d2c0769b1c46f78896d4fc9852f32f.shtml
广东省认定机构：关于广东省2023年第五批高新技术企业更名的公告,/gqrdw/c101508/202304/9f7a5681845b41d793cb365364a5a291.shtml
广东省认定机构：关于广东省2023年第一批完成异地搬迁高新技术企业的公告,/gqrdw/c101580/202304/0b1024deab80484ba0137869b75a238a.shtml
北京市认定机构：北京市关于2023年第一批完成异地搬迁高新技术企业的公告,/gqrdw/c101558/202304/671659ac6a464ba8978ebd4201d1373e.shtml
江苏省认定机构：关于江苏风和环境科技有限公司等高新技术企业资格继续有效...,/gqrdw/c101568/202304/9e77c69348d348f6aadd1ec6d664cef1.shtml
江苏省认定机构：关于江苏风和环境科技有限公司等高新技术企业资格继续有效...,/gqrdw/c101568/202304/ab508284930e413fbb8981ea74910375.shtml
四川省认定机构：关于四川至臻精密光学有限公司高新技术企业资格继续有效的...,/gqrdw/c101585/202304/fb6eff0ca0fe408fae35d6835ca6c683.shtml
山西省认定机构：关于取消山西恒瑞通科技开发有限公司等180家企业高新技术企...,/gqrdw/c101525/202304/4b0ce61f049c476998dcb2f3a96259b3.shtml
山西省认定机构：关于2023年第一批高新技术企业更名的公告,/gqrdw/c101489/202304/1c96c15fd31e471797a7b0a3f83d6c5b.shtml
青岛市认定机构：关于青岛市2023年第一批高新技术企业更名的公告,/gqrdw/c101504/202304/b35247a6e52940ec98cfba9f302d79e9.shtml
江苏省认定机构：关于南京寒悦网络科技有限公司高新技术企业资格继续有效的...,/gqrdw/c101568/202304/8f3b681b1d894163be226af615c1f5ad.shtml
江苏省认定机构：关于南京寒悦网络科技有限公司高新技术企业资格继续有效的...,/gqrdw/c101568/202304/e5414bb0bf2a44d19b0bc8c36dc0303b.shtml
湖南省认定机构：关于取消聚石化学（长沙）有限公司等30家企业高新技术企业...,/gqrdw/c101543/202303/6652c6cce2074f29b462e5087d90646c.shtml
湖南省认定机构：关于湖南省2023年第一批高新技术企业更名（含重大变化）的...,/gqrdw/c101507/202303/8d87eb829e6b4545873ac24ac830d4fa.shtml
天津市认定机构：关于取消国网天津招标有限公司高新技术企业资格的公告,/gqrdw/c101523/202303/2316611241c540039aeacde0ff722535.shtml
江苏认定机构：关于取消苏州镭缘激光科技有限公司高新技术企业资格的公告,/gqrdw/c101532/202303/f44078e6d3784f6a92a4f1f1d97b208f.shtml
甘肃省认定机构：关于甘肃省2023年第二批更名高新技术企业名单的公告,/gqrdw/c101518/202303/b23413b71e214aba901adba9a7069abf.shtml
河北省认定机构：关于取消河北冀电电力工程设计咨询有限公司等11家企业高新...,/gqrdw/c101524/202303/db19771c77b14d219d246cd742158275.shtml
浙江省认定机构：关于取消浙江众匠信息技术有限公司等205家企业高新技术企业...,/gqrdw/c101533/202303/0919d94e35b54bbcb2a41a334d01743b.shtml
关于对海南省认定机构2022年认定的高新技术企业进行第二批补充备案的公告,/gqrdw/c101468/202303/95712aaad33c4ebb93d6097adc1d856c.shtml
关于对内蒙古自治区认定机构2022年认定的高新技术企业进行第二批补充备案的...,/gqrdw/c101447/202303/02f625296f62407f8dcc8c211cd87254.shtml
关于对北京市认定机构2022年认定的高新技术企业进行第二批补充备案的公告,/gqrdw/c101443/202303/a22300593cf34d1296f93b716a40c40b.shtml
关于对山东省认定机构2022年认定的高新技术企业进行补充备案的公告,/gqrdw/c101460/202303/63b4e28629884719b8235b18896835fd.shtml
关于对山东省认定机构2022年认定的高新技术企业进行补充备案的公告,/gqrdw/c101460/202303/8ba3525548cc4b82ad4def487c17a7c1.shtml
关于对浙江省认定机构2022年认定的高新技术企业进行补充备案的公告,/gqrdw/c101454/202303/e4ea9b820cbb40cbb810f3190c8573a6.shtml
关于对广东省认定机构2022年认定的高新技术企业进行补充备案的公告,/gqrdw/c101465/202303/5e1e631cdda14f63b9c280ce4816b284.shtml
关于对辽宁省认定机构2022年认定的高新技术企业进行第二批补充备案的公告,/gqrdw/c101448/202303/f3ab5763236d4d0d8c04e44849ab07a2.shtml
关于对福建省认定机构2022年认定的高新技术企业进行第二批补充备案的公告,/gqrdw/c101457/202303/4ab3d79f68dd4111bc7c6fad90a505c0.shtml
四川省认定机构：关于取消四川睿尔琪科技有限公司2021年高新技术企业资格认...,/gqrdw/c101549/202303/55e8be4e3ef04e7f8752241652f21dbc.shtml
山西省认定机构：关于2022年第二批高新技术企业更名的公告,/gqrdw/c101489/202303/c27b1f3d64d940abb6f5d8d4ec80bdd0.shtml
湖南省认定机构：关于取消湖南鸿瑞新材料股份有限公司等7家企业高新技术企业...,/gqrdw/c101543/202303/35edb59c884a459abde21ed8432a426e.shtml
青岛市认定机构：关于取消青岛浦发商业设备有限公司等20家企业高新技术企业...,/gqrdw/c101540/202303/def526cd11194b37aef2ef24bbe33561.shtml
青岛市认定机构：关于青岛快猪电子科技有限公司高新技术企业资格继续有效的...,/gqrdw/c101576/202303/403940f0b7fa4937a510bd125c87ccc8.shtml
陕西省认定机构：关于陕西省2023年第一批更名高新技术企业名单的公告,/gqrdw/c101517/202303/68d2a20fac4d42deb841ec05adbfbc0b.shtml
江西省认定机构：关于江西省2023年第一批高新技术企业更名的公告,/gqrdw/c101502/202303/eef9247d54db43969facf64d63af52d7.shtml
江苏省认定机构：关于取消江苏集萃深度感知技术研究所有限公司高新技术企业...,/gqrdw/c101532/202303/e3751579832d47baacb08db4d1d1932e.shtml
关于对辽宁省认定机构2022年认定的高新技术企业进行第一批补充备案的公告,/gqrdw/c101448/202302/844352e16ce84bcbbca0ce78e86560d9.shtml
关于对广西壮族自治区认定机构2022年认定的高新技术企业进行补充备案的公告,/gqrdw/c101467/202302/0baf1c8b315c4fc2b560d69fa21999f0.shtml
关于对湖南省认定机构2022年认定的高新技术企业进行补充备案的公告,/gqrdw/c101464/202302/8919ed9555154e6398902f8af783eaba.shtml
关于对安徽省认定机构2022年认定的高新技术企业进行补充备案的公告,/gqrdw/c101456/202302/6d2e702ef67b46d485e1832211909ef4.shtml
关于对青海省认定机构2022年认定的高新技术企业进行补充备案的公告,/gqrdw/c101476/202302/6a302b210ec943a595446ee1782ab829.shtml
关于对新疆维吾尔自治区认定机构2022年认定的高新技术企业进行补充备案的公...,/gqrdw/c101478/202302/53c5eccc64e249308fdcc5239138d2e1.shtml
关于对贵州省认定机构2022年认定的高新技术企业进行补充备案的公告,/gqrdw/c101471/202302/82ab968fd3cd47bc8464679951a73322.shtml
关于对厦门市认定机构2022年认定的高新技术企业进行补充备案的公告,/gqrdw/c101458/202302/eaeb1242b10d44f897c77860b4158e8c.shtml
关于对福建省认定机构2022年认定的高新技术企业进行第一批补充备案的公告,/gqrdw/c101457/202302/cd3b45e5ccbc452eb60092c523d1b1d7.shtml
关于对天津市认定机构2022年认定的高新技术企业进行补充备案的公告,/gqrdw/c101444/202302/b213d9febcb64e3d8b5b0271bb2f9798.shtml
关于对大连市认定机构2022年认定的高新技术企业进行第一批补充备案的公告,/gqrdw/c101449/202302/7928ea34ef374eba8eaa5758775da63f.shtml
关于对吉林省认定机构2022年认定的高新技术企业进行补充备案的公告,/gqrdw/c101450/202302/423b130db4534e8da93bbb00bebcdf14.shtml
关于对重庆市认定机构2022年认定的高新技术企业进行补充备案的公告,/gqrdw/c101469/202302/0e549e52c188446b80574ca368c9acaa.shtml
关于对宁夏回族自治区认定机构2022年认定的高新技术企业进行补充备案的公告,/gqrdw/c101477/202302/5c57ae9f19aa4f94852c185782fefb6d.shtml
关于对云南省认定机构2022年认定的高新技术企业进行补充备案的公告,/gqrdw/c101472/202302/a97ebf77ab1d428eab270ee32bcf57ce.shtml
关于对四川省认定机构2022年认定的高新技术企业进行补充备案的公告,/gqrdw/c101470/202302/35272f3cb5bf42ea84a789f8d1cfecee.shtml
关于对北京市认定机构2022年认定的高新技术企业进行第一批补充备案的公告,/gqrdw/c101443/202302/0a45ed472a2b4305900443c1658920e3.shtml
关于对山西省认定机构2022年认定的高新技术企业进行补充备案的公告,/gqrdw/c101446/202302/e12af9697b42404986e5a6323c9824ce.shtml
关于对青岛市认定机构2022年认定的高新技术企业进行补充备案的公告,/gqrdw/c101461/202302/86ffd8ea624846bfab16979d5dd184d8.shtml
关于对江苏省认定机构2022年认定的高新技术企业进行补充备案的公告,/gqrdw/c101453/202302/4cddaeee6698446191ad5b04c023efde.shtml
关于对陕西省认定机构2022年认定的高新技术企业进行补充备案的公告,/gqrdw/c101474/202302/86ede2bc28ed4f1280279fad7ddf3a6d.shtml
关于对湖北省认定机构2022年认定的高新技术企业进行补充备案的公告,/gqrdw/c101463/202302/127b353d33c44ce88d8f5761bd4705e6.shtml
关于对西藏自治区认定机构2022年认定的高新技术企业进行补充备案的公告,/gqrdw/c101473/202302/16e1c96cd0ac4567aca93506e896327a.shtml
关于对深圳市认定机构2022年认定的高新技术企业进行补充备案的公告,/gqrdw/c101466/202302/6bbc633c8d0e4d4db608783bdafb485a.shtml
关于对江西省认定机构2022年认定的高新技术企业进行补充备案的公告,/gqrdw/c101459/202302/2599fcc8fa714212bba66777b4738b87.shtml
关于对上海市认定机构2022年认定的高新技术企业进行补充备案的公告,/gqrdw/c101452/202302/aadf44a840f642679e72bdc371ad549d.shtml
关于对宁波市认定机构2022年认定的高新技术企业进行补充备案的公告,/gqrdw/c101455/202302/8d3597623f674363b9065517ebbe5cfc.shtml
关于对黑龙江省认定机构2022年认定的高新技术企业进行补充备案的公告,/gqrdw/c101451/202302/d268eefe5a7449a28317c2389fc3e927.shtml
关于对河南省认定机构2022年认定的高新技术企业进行补充备案的公告,/gqrdw/c101462/202302/f0c52279301e4511b23fb526a329db40.shtml
关于对河北省认定机构2022年认定的高新技术企业进行补充备案的公告,/gqrdw/c101445/202302/6c63bf24d9fe4d548613efb1c8184d08.shtml
关于对甘肃省认定机构2022年认定的高新技术企业进行补充备案的公告,/gqrdw/c101475/202302/3a92e956c6e44259919f23227abfa7f2.shtml
关于对海南省认定机构2022年认定的高新技术企业进行第一批补充备案的公告,/gqrdw/c101468/202302/a183d625e28d4eb0b4274e8c923e4a7c.shtml
关于对内蒙古自治区认定机构2022年认定的高新技术企业进行第一批补充备案的...,/gqrdw/c101447/202302/e94014b703a64d0f9727dda4980eee34.shtml
关于对青岛市认定机构2022年认定的第二批高新技术企业进行补充备案的公告,/gqrdw/c101461/202302/99058fce00574a0ab97ce8431d3854ac.shtml
关于对福建省认定机构2022年认定的第三批高新技术企业进行备案的公告,/gqrdw/c101457/202302/a0e1fe74bb444fc48d63f6f24130916a.shtml
甘肃省认定机构：关于甘肃省2023年第一批更名高新技术企业名单的公告,/gqrdw/c101518/202302/28bad76963e44046b1782c545bdd8b43.shtml
山东省认定机构：关于山东东方华宸智能停车设备有限公司等94家高新技术企业...,/gqrdw/c101575/202302/00c0a2a97ac6491194aeeb79b0678f88.shtml
天津市认定机构：关于取消天津市双荣科技有限公司高新技术企业资格的公告,/gqrdw/c101523/202302/42ae09f2da924778bd49c821b059faf1.shtml
北京市认定机构：关于2022年第十批高新技术企业更名的公告,/gqrdw/c101486/202302/95fd58ddbaf343a6861d1a5469b26725.shtml
四川省认定机构：关于取消四川慧高智能科技有限公司高新技术企业资格的通知,/gqrdw/c101549/202302/73084b8b0fa64ff3b74b9a26d92ae85f.shtml
海南省认定机构：关于海南省那西普科技有限公司等7家高新技术企业资格继续有...,/gqrdw/c101583/202302/21ea0395320548ac90da1173431904f8.shtml
广东省认定机构：关于广东省2022年第五批完成异地搬迁高新技术企业的公告,/gqrdw/c101580/202302/619928adbc894b49941ba1203410d7e0.shtml
广东省认定机构：关于广东省2022年第六批高新技术企业更名的公告,/gqrdw/c101508/202302/a54c614930b2459db696aaa2882b4e6c.shtml
湖北省认定机构：关于湖北省2022年第二批高新技术企业更名的公告,/gqrdw/c101506/202302/e2f783ce14af4ad69b25c8cb97d65dbd.shtml
江苏省认定机构：关于同意江苏省2022年第九批高新技术企业更名的公告,/gqrdw/c101496/202302/1867023f505343b4801e4abcc28f3d8c.shtml
深圳市认定机构：关于取消深圳市亿路照明技术有限公司等5家企业高新技术企业...,/gqrdw/c101545/202302/3030f836e901478e892c0d9f8f5d354b.shtml
深圳市认定机构：关于取消深圳市亿路照明技术有限公司等5家企业高新技术企业...,/gqrdw/c101545/202302/ecb99597ab1e4d229e9cbe9ce6b3fcd0.shtml
湖北省认定机构：关于2022年第五批完成异地搬迁高新技术企业的公告,/gqrdw/c101578/202301/9e9d9e7700c546449a8378ef1b24d99b.shtml
湖北省认定机构：关于2022年第五批完成异地搬迁高新技术企业的公告,/gqrdw/c101578/202301/f6e090d62b1f4580924cb8be10809c8f.shtml
关于对北京市认定机构2022年认定的第四批高新技术企业进行备案的公告,/gqrdw/c101443/202301/1cec5671115e4d4894489f00cffba283.shtml
关于对广东省认定机构2022年认定的第三批高新技术企业进行备案的公告,/gqrdw/c101465/202301/8c1f631e573748c9ae891fc20c8439a7.shtml
关于对广东省认定机构2022年认定的第二批高新技术企业进行备案的公告,/gqrdw/c101465/202301/d5e7503f3ef64f95b06c171adecda56f.shtml
关于对广东省认定机构2022年认定的第一批高新技术企业进行备案的公告,/gqrdw/c101465/202301/88daf98f965940e0ad5a9bfab8a3deeb.shtml
关于对北京市认定机构2022年认定的第五批集成电路等领域政策试点高新技术企...,/gqrdw/c101443/202301/ffc9fa738c0a4ff8a8a3e10991726709.shtml
关于对河南省认定机构2022年认定的第二批高新技术企业进行备案的公告,/gqrdw/c101462/202301/23ebf6866a9244b89c5033c920eb606f.shtml
关于对河南省认定机构2022年认定的第二批高新技术企业进行备案的公告,/gqrdw/c101462/202301/7398f474c51248b29fdb4f03595d3c10.shtml
关于对浙江省认定机构2022年认定的高新技术企业进行备案的公告,/gqrdw/c101454/202301/196ba075051a4239a6573ecbb48b0714.shtml
关于对海南省认定机构2022年认定的第三批高新技术企业进行备案的公告,/gqrdw/c101468/202301/5936fbd0b23049fc8efc820fec6c147b.shtml
新疆维吾尔自治区认定机构：关于取消喀什宏晟网络科技有限公司等13家企业高...,/gqrdw/c101557/202301/59d5e91ae4bb4038a0a26a1fd838ad86.shtml
江苏省认定机构：关于南京菲斐信息科技有限公司等高新技术企业资格继续有效...,/gqrdw/c101568/202301/946cfd1131ad4d568d78207483ed90c9.shtml
厦门市认定机构：关于厦门市2022年第七批高新技术企业更名的公告,/gqrdw/c101501/202301/66c6fc55706045b78dcb75eda07b2a41.shtml
关于对深圳市认定机构2022年认定的第四批高新技术企业进行备案的公告,/gqrdw/c101466/202301/7d1f193c587d41d39afb80c0ca233d5e.shtml
关于对深圳市认定机构2022年认定的第三批高新技术企业进行备案的公告,/gqrdw/c101466/202301/18fcc85b9ed94191ab8f2bffb965f366.shtml
关于对辽宁省认定机构2022年认定的第四批高新技术企业进行备案的公告,/gqrdw/c101448/202301/262312dd4df04afa91f66417128ad5fa.shtml
关于对内蒙古自治区认定机构2022年认定的第三批高新技术企业进行备案的公告,/gqrdw/c101447/202301/a9e9f7c3e03b40d9819700fbc36ad4fc.shtml
关于对广西壮族自治区认定机构2022年认定的第三批高新技术企业进行备案的公...,/gqrdw/c101467/202301/08f34bdb828446de811f3ef60be6c796.shtml
关于对广西壮族自治区认定机构2022年认定的第二批高新技术企业进行备案的公...,/gqrdw/c101467/202301/bf118ea037ac4ffc99d2955c19bcd676.shtml
关于对贵州省认定机构2022年认定的高新技术企业进行备案的公告,/gqrdw/c101471/202301/4b10f9d02b604d1a8292e6938ca8737d.shtml
关于对深圳市认定机构2022年认定的第二批高新技术企业进行备案的公告,/gqrdw/c101466/202301/6ebcb966d40c4918bc7349d6e4077b57.shtml
关于对天津市认定机构2022年认定的第三批高新技术企业进行备案的公告,/gqrdw/c101444/202301/03ae6905b8db402c9edd0cefe66b747d.shtml
江西省认定机构：关于取消贵溪天一铜业有限公司等90家企业高新技术企业资格...,/gqrdw/c101538/202301/1f47e61efe5144b5994ce89f3d91857d.shtml
天津市认定机构：关于天津市2022年第三批高新技术企业更名的公告,/gqrdw/c101487/202301/c1f5aadba0cf4db9bf7901ebd1051608.shtml
广东省认定机构：关于取消广州必立信息科技有限公司等5家企业高新技术企业资...,/gqrdw/c101544/202301/061a23d9ba594d7ca5049e10ade81c86.shtml
广东省认定机构：关于取消广州必立信息科技有限公司等5家企业高新技术企业资...,/gqrdw/c101544/202301/5c4d0a923d744c49a3e8f4d741c1782e.shtml
关于对深圳市认定机构2022年认定的第一批高新技术企业进行备案的公告,/gqrdw/c101466/202301/9bd8b4a91a9f4e219e3e086eade6b01c.shtml
关于对厦门市认定机构2022年认定的第二批高新技术企业进行备案的公告,/gqrdw/c101458/202301/562c13df37ae4b0dbf51368e101cd16d.shtml
关于对江西省认定机构2022年认定的第二批高新技术企业进行备案的公告,/gqrdw/c101459/202301/4e653605dda3464dbc68905ceaa0c56f.shtml
关于对江苏省认定机构2022年认定的第五批高新技术企业进行备案的公告,/gqrdw/c101453/202301/3776a03ed5634f168809d0ba13e989ae.shtml
关于对陕西省认定机构2022年认定的第五批高新技术企业进行备案的公告,/gqrdw/c101474/202301/174cbefb5ec643bba74b447a0d922571.shtml
关于对江苏省认定机构2022年认定的第四批高新技术企业进行备案的公告,/gqrdw/c101453/202301/b3b4d8b610e34baeb6351d0cad855aed.shtml
关于对辽宁省认定机构2022年认定的第三批高新技术企业进行备案的公告,/gqrdw/c101448/202301/4b785f344fe841348dc6f49f630f6b12.shtml
关于对湖北省认定机构2022年认定的第五批高新技术企业进行备案的公告,/gqrdw/c101463/202301/8dd15314a762497da6434bd78e1b82af.shtml
关于对青岛市认定机构2022年认定的第三批高新技术企业进行备案的公告,/gqrdw/c101461/202301/fb36a30c23554672b641ed70e9b9862d.shtml
关于对大连市认定机构2022年认定的第二批高新技术企业进行备案的公告,/gqrdw/c101449/202301/cc120b0960d84c5ea27667bc0e2939f5.shtml
关于对大连市认定机构2022年认定的第一批高新技术企业进行备案的公告,/gqrdw/c101449/202301/50ab79de1070435784021ca870a917c9.shtml
关于对福建省认定机构2022年认定的第二批高新技术企业进行备案的公告,/gqrdw/c101457/202301/1bd573649ea74fdd881c969ae7d47be1.shtml
关于对福建省认定机构2022年认定的第一批高新技术企业进行备案的公告,/gqrdw/c101457/202301/84210d67a8024fecad0bc73fd08d4368.shtml
关于对青岛市认定机构2022年认定的第二批高新技术企业进行备案的公告,/gqrdw/c101461/202301/0444e74db2014f84b24eaefea0543fb9.shtml
关于对青岛市认定机构2022年认定的第一批高新技术企业进行备案的公告,/gqrdw/c101461/202301/cc7fdc8f593d4babb85b37534ea0ef26.shtml
关于对湖北省认定机构2022年认定的第四批高新技术企业进行备案的公告,/gqrdw/c101463/202301/a55175fe8b7b4dc7a0b1fa92f81d0ae6.shtml
关于对四川省认定机构2022年认定的第二批高新技术企业进行备案的公告,/gqrdw/c101470/202301/61a69f4d48aa44c5973d3da10f802d84.shtml
关于对山东省认定机构2022年认定的第一批高新技术企业进行备案的公告,/gqrdw/c101460/202301/7be98a15c1cd446b97b589367ea3ae9a.shtml
关于对山东省认定机构2022年认定的第二批高新技术企业进行备案的公告,/gqrdw/c101460/202301/dc538e9887fa44a8b3d1e4d424ee76b7.shtml
关于对山东省认定机构2022年认定的第三批高新技术企业进行备案的公告,/gqrdw/c101460/202301/5a659141efa043ef8780e459bca7ecf7.shtml
关于对山西省认定机构2022年认定的第四批高新技术企业进行备案的公告,/gqrdw/c101446/202301/e89e82c8aa6d46f6b2ca40113dd6bfc0.shtml
关于对山西省认定机构2022年认定的第三批高新技术企业进行备案的公告,/gqrdw/c101446/202301/e83504a093f1470fa0afa9bc5ede795a.shtml
关于对山西省认定机构2022年认定的第二批高新技术企业进行备案的公告,/gqrdw/c101446/202301/74ae1873d3224a3ab9164e780fdaded5.shtml
关于对湖南省认定机构2022年认定的第二批高新技术企业进行备案的公告,/gqrdw/c101464/202301/7c68b191d3294b4d92ce872036e52ddc.shtml
关于对上海市认定机构2022年认定的第三批高新技术企业进行备案的公告,/gqrdw/c101452/202301/166dbe2049f04f86be27dbac95da283a.shtml
关于对上海市认定机构2022年认定的第四批高新技术企业进行备案的公告,/gqrdw/c101452/202301/9bac06d7230941e1a2919acd4bad56bb.shtml
关于对内蒙古自治区认定机构2022年认定的第二批高新技术企业进行备案的公告,/gqrdw/c101447/202301/09b634bac8b84d418e06d99e0151e9d7.shtml
关于对西藏自治区认定机构2022年认定的第二、第三批高新技术企业进行备案的...,/gqrdw/c101473/202301/018be3c1ef77434c834ce6cc4f76b652.shtml
关于对河北省认定机构2022年认定的第三批高新技术企业进行备案的公告,/gqrdw/c101445/202301/8de5da69b5eb4afc9a9c117b40c16b05.shtml
关于对宁夏回族自治区认定机构2022年认定的第二批高新技术企业进行备案的公...,/gqrdw/c101477/202301/9315388b1f934bfea5eadab428cb2969.shtml
四川省认定机构：关于四川拓及轨道交通设备股份有限公司高新技术企业资格继...,/gqrdw/c101585/202301/ac33a6c358c84e3298ca46d5a184ae13.shtml
吉林省认定机构：关于2022年第三批高新技术企业更名的公告,/gqrdw/c101493/202301/de662e0b1da342a68268f5010bb5269c.shtml
江苏省认定机构：关于南京睿维特紧固件设备有限公司高新技术企业资格继续有...,/gqrdw/c101568/202301/64a46cce347a4ed78a4dbd63756210d9.shtml
辽宁省认定机构：关于辽宁省第一批完成异地搬迁高新技术企业的公告,/gqrdw/c101563/202301/549fdb3ccd874191bca99ed2f6ae75ca.shtml
青岛市认定机构：关于取消青岛深龙系统工程有限公司等103家企业高新技术企业...,/gqrdw/c101540/202301/1ccf04600b22415dbbefaae2246c37c5.shtml
北京市认定机构：关于公示北京市2022年第九批拟更名高新技术企业名单的通知,/gqrdw/c101486/202301/d29516ef256a43fca120df32d0e24529.shtml
贵州省认定机构：关于贵州省2022年第三批高新技术企业更名的公告,/gqrdw/c101514/202301/808714ab6c9840faa39f1335d47d5f69.shtml
山西省认定机构：关于2022年第一批高新技术企业更名的公告,/gqrdw/c101489/202301/bc03fe8075a64ffe8088b0629fb37d46.shtml
山西省认定机构：关于2022年第三批高新技术企业更名的公告,/gqrdw/c101489/202301/de56ba3fb49340949bbe03678b3c6504.shtml
山西省认定机构：关于2022年山西省第二批完成异地搬迁高新技术企业的公告,/gqrdw/c101561/202301/28e35b6dbde14f80b776623d742bcdca.shtml
关于对青海省认定机构2022年认定的高新技术企业进行备案的公告,/gqrdw/c101476/202212/9dd50bc9dd0b422f80ecd79790e9efcf.shtml
关于对宁波市认定机构2022年认定的第一批高新技术企业进行备案的公告,/gqrdw/c101455/202212/f5288b42de1e47f3a948b54c3c157c4c.shtml
关于对河南省认定机构2022年认定的第一批高新技术企业进行备案的公告,/gqrdw/c101462/202212/70166806d6fe479e89a7fb8475072ba6.shtml
关于对吉林省认定机构2022年认定的高新技术企业进行备案的公告,/gqrdw/c101450/202212/cff70150c52c4e589ffa7fb3e91ec162.shtml
关于对北京市认定机构2022年认定的第三批高新技术企业进行备案的公告,/gqrdw/c101443/202212/31c16f81e9bf49acbd9bd4f9159276db.shtml
关于对北京市认定机构2022年认定的第四批高新技术企业进行备案公示的通知,/gqrdw/c101407/202212/46b89b2b53574758b2bc36bdfcea4eb8.shtml
关于对北京市认定机构2022年认定的第五批集成电路等领域政策试点高新技术企...,/gqrdw/c101407/202212/82e4704cacb64758aac88b4b4ac2f71b.shtml
关于对青岛市认定机构2022年认定的第二批高新技术企业进行补充备案公示的通...,/gqrdw/c101425/202212/4f651b877dd74bb78e464f36d713f838.shtml
青岛市认定机构：关于取消青岛瀚泽电气有限公司等3家企业高新技术企业资格的...,/gqrdw/c101540/202212/62214957b45e42a3a04ea9270c9e8955.shtml
青岛市认定机构：关于取消青岛瀚泽电气有限公司等3家企业高新技术企业资格的...,/gqrdw/c101540/202212/ed788ff3b37a458caf127d8152a51b98.shtml
山西省认定机构：关于2022年山西省第一批完成异地搬迁高新技术企业的公告,/gqrdw/c101561/202212/1e99a4e5abc6442aa067accbbec38a35.shtml
山西省认定机构：关于2022年山西省第一批完成异地搬迁高新技术企业的公告,/gqrdw/c101561/202212/d30a0f5332fe4b4694a641ab38e46a43.shtml
北京市认定机构：关于北京市2022年第三批完成异地搬迁高新技术企业的公告,/gqrdw/c101558/202212/d496841f95a14669bc0c7ef1bf1900b5.shtml
关于对甘肃省认定机构2022年认定的第三批高新技术企业进行备案的公告,/gqrdw/c101475/202212/eef0c3e8cf59425197c6ab6b92ce9b08.shtml
关于对黑龙江省认定机构2022年认定的第三批高新技术企业进行备案的公告,/gqrdw/c101451/202212/b6f744452cfb4481b09d3a044aef2a48.shtml
关于对福建省认定机构2022年认定的第三批高新技术企业进行备案公示的通知,/gqrdw/c101421/202212/50949f9dd3a341bca790575516281907.shtml
山东省认定机构：关于公示山东省2022年第二批拟更名高新技术企业名单的通知,/gqrdw/c101503/202212/0fd63cde709e4b518fcd4870c048fd2d.shtml
河南省认定机构：河南省关于2022年第二批完成异地搬迁高新技术企业的公告,/gqrdw/c101577/202212/7c8af5d0cce848e6a309ce072b443802.shtml
河南省认定机构：河南省关于2022年第一批完成异地搬迁高新技术企业的公告,/gqrdw/c101577/202212/5d35a881629846be8d87bc729b944e86.shtml
河南省认定机构：河南省关于2022年第一批完成异地搬迁高新技术企业的公告,/gqrdw/c101577/202212/e61be2b3b0344e059d47a43362dcd29b.shtml
关于对重庆市认定机构2022年认定的第二批高新技术企业进行备案的公告,/gqrdw/c101469/202212/234ba681b6494fec9f1ec74aaea67cbb.shtml
关于对云南省认定机构2022年认定的第二批高新技术企业进行备案的公告,/gqrdw/c101472/202212/6d37606dbda74013bf5b2a315418e391.shtml
黑龙江省认定机构：关于黑龙江省2022年第三批高新技术企业更名公告,/gqrdw/c101494/202212/7597c11397bf4a25b16aa907eaee7451.shtml
黑龙江省认定机构：关于黑龙江省2022年第三批高新技术企业更名公告,/gqrdw/c101494/202212/a9a095e84e804ed89af3e1e4ed5a1a77.shtml
关于对厦门市认定机构2022年认定的第一批高新技术企业进行备案的公告,/gqrdw/c101458/202212/57b3c34bfbd24d12a499d471eeace1ab.shtml
关于对辽宁省认定机构2022年认定的第二批高新技术企业进行备案的公告,/gqrdw/c101448/202212/b7ab85b5f2494f63a4eddf0054536d17.shtml
关于对安徽省认定机构2022年认定的第二批高新技术企业进行备案的公告,/gqrdw/c101456/202212/ae57455785704fcab3fce422e6e4b0e6.shtml
关于对新疆维吾尔自治区认定机构2022年认定的第二批高新技术企业进行备案的...,/gqrdw/c101478/202212/d2bd6a77d04b48e5bf60aaa322ba2cb7.shtml
关于对河北省认定机构2022年认定的第二批高新技术企业进行备案的公告,/gqrdw/c101445/202212/87292f8d13da4732972feaad9b113ab4.shtml
广西壮族自治区：关于广西壮族自治区2022年第三批高新技术企业更名的公告,/gqrdw/c101510/202212/d48d91c0158d48f3b6cb8356c0e96672.shtml
甘肃省认定机构：关于甘肃省2022年第七批更名高新技术企业名单的公告,/gqrdw/c101518/202212/cf2af3fdd8984fd1983eb43d637dfd83.shtml
湖南省认定机构：关于湖南省2022年第四批高新技术企业更名的公告,/gqrdw/c101507/202212/0a6c895a35cf4176a68b01e2d2e41070.shtml
江苏省认定机构：关于同意江苏省2022年第八批高新技术企业更名的公告,/gqrdw/c101496/202212/bd77d21d549c4283bc5ef59f01a58075.shtml
关于对江苏省认定机构2022年认定的第三批高新技术企业进行备案的公告,/gqrdw/c101453/202212/9ffd436cac014f16b1c923dc7fbcc2fd.shtml
宁波市认定机构：关于取消宁波华翔特雷姆汽车饰件有限公司等4家企业高新技术...,/gqrdw/c101534/202212/14e199e4dcc44d67be6b49a300172480.shtml
关于对浙江省认定机构2022年认定的高新技术企业进行备案公示的通知,/gqrdw/c101418/202212/7f1988f70224472d9e297d8973e31741.shtml
关于对北京市认定机构2022年认定的第四批集成电路等领域政策试点高新技术企...,/gqrdw/c101443/202212/45144c446e404acc9683cfbac174d663.shtml
关于对海南省认定机构2022年认定的第三批高新技术企业进行备案公示的通知,/gqrdw/c101432/202212/d4af97d6c0b44911b8ab18086a6ca83b.shtml
关于对河南省认定机构2022年认定的第二批高新技术企业进行备案公示的通知,/gqrdw/c101426/202212/5646b3d05bf940cab1281d12bbf1fb14.shtml
关于对广东省认定机构2022年认定的第三批高新技术企业进行备案公示的通知,/gqrdw/c101429/202212/9ae65ee3680043a4bd8309444ad994e1.shtml
关于对广东省认定机构2022年认定的第二批高新技术企业进行备案公示的通知,/gqrdw/c101429/202212/7dd4e7e21c004644a55ffd8dd6206180.shtml
关于对湖北省认定机构2022年认定的第三批高新技术企业进行备案的公告,/gqrdw/c101463/202212/0a8c3ec2f0a244a292b6ac7acd972f1c.shtml
关于对天津市认定机构2022年认定的第三批高新技术企业进行备案公示的通知,/gqrdw/c101408/202212/ef1d372fb26b4415852b4121ccfdc4aa.shtml
关于对深圳市认定机构2022年认定的第四批高新技术企业进行备案公示的通知,/gqrdw/c101430/202212/690691c4a1754292b61957a763d2748e.shtml
关于对深圳市认定机构2022年认定的第三批高新技术企业进行备案公示的通知,/gqrdw/c101430/202212/907fd2b86de449a6be29918406333282.shtml
关于对深圳市认定机构2022年认定的第二批高新技术企业进行备案公示的通知,/gqrdw/c101430/202212/9c5b02c90f6b420d85831ee21907772e.shtml
关于对贵州省认定机构2022年认定的高新技术企业进行备案公示的通知,/gqrdw/c101435/202212/c4c0f97dae5f417aacf3af6b18fd2301.shtml
关于对广西壮族自治区认定机构2022年认定的第三批高新技术企业进行备案公示...,/gqrdw/c101431/202212/a5242c340aa242b9b13bd00d7939b9aa.shtml
关于对广东省认定机构2022年认定的第一批高新技术企业进行备案公示的通知,/gqrdw/c101429/202212/50233441bdff46b0a52057afb13202d4.shtml
关于对广西壮族自治区认定机构2022年认定的第二批高新技术企业进行备案公示...,/gqrdw/c101431/202212/9b223d170e0f4ca1b3859fb590d8c488.shtml
关于对辽宁省认定机构2022年认定的第四批高新技术企业进行备案公示的通知,/gqrdw/c101412/202212/61922287d84c485aa79dbcf4091bb806.shtml
关于对海南省认定机构2022年认定的第二批高新技术企业进行备案的公告,/gqrdw/c101468/202212/59904be4c5d64edab75ac592af96c777.shtml
关于对上海市认定机构2022年认定的第二批高新技术企业进行备案的公告,/gqrdw/c101452/202212/8ee5457ecfdb4e4cbae96892e068d797.shtml
关于对陕西省认定机构2022年认定的第四批高新技术企业进行备案的公告,/gqrdw/c101474/202212/88e42fa50cd141cd9f9b29b4e5813ed8.shtml
关于天津市认定机构2022年认定的第二批高新技术企业进行备案的公告,/gqrdw/c101444/202212/dbf194ecd929411f8a1f3d25a138eb74.shtml
关于对江西省认定机构2022年认定的第二批高新技术企业进行备案公示的通知,/gqrdw/c101423/202212/e0d693d40bb04c3c8839788f98671044.shtml
关于对宁夏回族自治区认定机构2022年认定的第二批高新技术企业进行备案公示...,/gqrdw/c101441/202212/1f2e49b45cb54a799fa2fe7d412aa98f.shtml
关于对陕西省认定机构2022年认定的第五批高新技术企业进行备案公示的通知,/gqrdw/c101438/202212/107b117c829b499180e7a6ae1beafdef.shtml
关于对西藏自治区认定机构2022年认定的第二、三批高新技术企业进行备案公示...,/gqrdw/c101437/202212/1f4a02c0999948be8946622a643fbed6.shtml
关于对上海市认定机构2022年认定的第四批高新技术企业进行备案公示的通知,/gqrdw/c101416/202212/ea456c94dfc84b8a8b93c7e58ed321d9.shtml
关于对内蒙古自治区认定机构2022年认定的第三批高新技术企业进行备案公示的...,/gqrdw/c101411/202212/08358786803f4de5870bb76e282f07cc.shtml
关于对深圳市认定机构2022年认定的第一批高新技术企业进行备案公示的通知,/gqrdw/c101430/202212/1cad948c939c412a81d13d9c80be7dbc.shtml
关于对内蒙古自治区认定机构2022年认定的第二批高新技术企业进行备案公示的...,/gqrdw/c101411/202212/604f7497ebeb40c3a7e7917749320561.shtml
关于对上海市认定机构2022年认定的第三批高新技术企业进行备案公示的通知,/gqrdw/c101416/202212/83f28c83b67346f79ce36b19211a1ce8.shtml
关于对辽宁省认定机构2022年认定的第三批高新技术企业进行备案公示的通知,/gqrdw/c101412/202212/650be3b4118f41bab5369dc4ed63e1d1.shtml
关于对湖北省认定机构2022年认定的第五批高新技术企业进行备案公示的通知,/gqrdw/c101427/202212/03ebc6c8d3ac4883bd62712950d358f6.shtml
关于对江苏省认定机构2022年认定的第五批高新技术企业进行备案公示的通知,/gqrdw/c101417/202212/fe1b04780db14053bfc6a827815ac05f.shtml
关于对青岛市认定机构2022年认定的第三批高新技术企业进行备案公示的通知,/gqrdw/c101425/202212/95a9f781584c4ef2a6cbf8d7279fc51c.shtml
关于对青岛市认定机构2022年认定的第二批高新技术企业进行备案公示的通知,/gqrdw/c101425/202212/43757ce72c1f4c81a913e8c6f819fbdb.shtml
关于对青岛市认定机构2022年认定的第一批高新技术企业进行备案公示的通知,/gqrdw/c101425/202212/14ec5b4cf5494fc9979f1394ec58b25a.shtml
关于对福建省认定机构2022年认定的第一批高新技术企业进行备案公示的通知,/gqrdw/c101421/202212/3e56ca7e9c5642969705388f2d648a59.shtml
关于对大连市认定机构2022年认定的第二批高新技术企业进行备案公示的通知,/gqrdw/c101413/202212/3fdca09f6fb5423695bf53bb345d20da.shtml
关于对大连市认定机构2022年认定的第一批高新技术企业进行备案公示的通知,/gqrdw/c101413/202212/986ab0a966674d3a81dcf38bb2993e98.shtml
关于对福建省认定机构2022年认定的第二批高新技术企业进行备案公示的通知,/gqrdw/c101421/202212/9a6a91d94a054f878cf780854c223c0c.shtml
海南省认定机构：关于取消海南鑫昌捷科技有限公司等4家企业高新技术企业资格...,/gqrdw/c101547/202212/7e47315c3f4b43f18e23141b1d379e0a.shtml
江苏省认定机构：关于同意江苏省2022年第七批高新技术企业更名的公告,/gqrdw/c101496/202212/8b37d0f87afa48c6ba7e4fce0cbd0635.shtml
关于对山东省认定机构2022年认定的第三批高新技术企业进行备案公示的通知,/gqrdw/c101424/202212/9c029965e71f48b89f9a250106df91dc.shtml
关于对河北省认定机构2022年认定的第三批高新技术企业进行备案公示的通知,/gqrdw/c101409/202212/074dc3374e4741f8b5017ccaa1d5be5f.shtml
贵州省认定机构：关于贵州省2022年第四批高新技术企业更名的公告,/gqrdw/c101514/202212/446f98a3e51e4c21a238b038519d9a80.shtml
吉林省认定机构：吉林省关于取消长春曼胡默尔富维滤清器有限公司等14家企业...,/gqrdw/c101529/202212/4d9b7499c8b24645899889e2eb743892.shtml
关于对山东省认定机构2022年认定的第一批高新技术企业进行备案公示的通知,/gqrdw/c101424/202212/8586ddaef83441bd9cc8056a42cb3789.shtml
关于对山东省认定机构2022年认定的第二批高新技术企业进行备案公示的通知,/gqrdw/c101424/202212/921d076a0c5d4bf08bcfc5243f8b6820.shtml
关于对厦门市认定机构2022年认定的第二批高新技术企业进行备案公示的通知,/gqrdw/c101422/202212/30f411c88df14f09b39feb934e98e6fe.shtml
关于对江苏省认定机构2022年认定的第四批高新技术企业进行备案公示的通知,/gqrdw/c101417/202212/8ec7a6fbf8e14bd7bb15de329a980073.shtml
关于对山西省认定机构2022年认定的第四批高新技术企业进行备案公示的通知,/gqrdw/c101410/202212/b874d3c3a6bb474eb2768284963a5012.shtml
关于对山西省认定机构2022年认定的第三批高新技术企业进行备案公示的通知,/gqrdw/c101410/202212/48897d6b3cb7472cbd6780edfbf5d0c1.shtml
关于对山西省认定机构2022年认定的第二批高新技术企业进行备案公示的通知,/gqrdw/c101410/202212/521640e44b894e31b0e6828e0d2b8a6d.shtml
关于对湖南省认定机构2022年认定的第二批高新技术企业进行备案公示的通知,/gqrdw/c101428/202212/026a6ef56cbf4e22bc9bfc14f897278c.shtml
江苏省认定机构：关于徐州豫德钻石科技有限公司等高新技术企业资格继续有效...,/gqrdw/c101568/202212/1bb43a51d52b4e1ba57f5b4b3eed2f0f.shtml
黑龙江省认定机构：关于取消大庆市华瑞信化工助剂有限公司等3家企业高新技术...,/gqrdw/c101530/202212/45d8391f37954291b0f0ba082a156162.shtml
四川省认定机构：关于取消资阳晨风西铁机械有限公司等48家年度高新技术企业...,/gqrdw/c101549/202212/10b784ede1eb47c7b162e9fe5466831d.shtml
关于对甘肃省认定机构2022年认定的第三批高新技术企业进行备案公示的通知,/gqrdw/c101439/202212/79747c6b3d584391bb0f0d8fe4d67d21.shtml
关于对河南省认定机构2022年认定的第一批高新技术企业进行备案公示的通知,/gqrdw/c101426/202212/c5b3686bc1f74922aa49ff6511f42af4.shtml
关于对北京市认定机构2022年认定的第三批高新技术企业进行备案公示的通知,/gqrdw/c101407/202212/c5af9cd8c19f4b21bd32fb5873b2fbce.shtml
关于对黑龙江省认定机构2022年认定的第三批高新技术企业进行备案公示的通知,/gqrdw/c101415/202212/ab99cb5e7cd14d0db90848b0c778f206.shtml
关于对宁波市认定机构2022年认定的第一批高新技术企业进行备案公示的通知,/gqrdw/c101419/202212/71beaf001770462f96b194976023ee70.shtml
关于对内蒙古自治区认定机构2022年认定的第一批高新技术企业进行备案的公告,/gqrdw/c101447/202212/2b71192b508542ac9b9eff74d026d268.shtml
关于对湖北省认定机构2022年认定的第四批高新技术企业进行备案公示的通知,/gqrdw/c101427/202211/cc3ed44ade7c4d7a9e372bb6b2bf2230.shtml
关于对青海省认定机构2022年认定的高新技术企业进行备案公示的通知,/gqrdw/c101440/202211/2756a638cdb94cce9d04392c2b6acb40.shtml
关于对四川省认定机构2022年认定的第二批高新技术企业进行备案公示的通知,/gqrdw/c101434/202211/11e34c080c30447cbce6bfa71ed3fa94.shtml
关于对吉林省认定机构2022年认定的高新技术企业进行备案公示的通知,/gqrdw/c101414/202211/ee5427e03ef1457ab2c903dd46cf5060.shtml
